sampleID,taxonomy,presence
170,Chipmunk,0
170,European starling,0
170,Deer,0
170,Deer mouse,0
170,Cow,0
170,Elk,0
170,Flying squirrel,0
170,Ground squirrel,0
170,Meadow vole,0
170,Moose,1
170,Muskrat,0
170,Pig,0
170,Rabbit,0
170,Red squirrel,0
170,Red-backed vole,0
170,Ruffed grouse,0
170,Snowshoe hare,0
170,Spruce grouse,0
170,Wild turkey,0
170,Wolf or Coyote,1
171,Chipmunk,0
171,European starling,0
171,Deer,0
171,Deer mouse,0
171,Cow,0
171,Elk,0
171,Flying squirrel,0
171,Ground squirrel,0
171,Meadow vole,0
171,Moose,0
171,Muskrat,0
171,Pig,0
171,Rabbit,0
171,Red squirrel,0
171,Red-backed vole,0
171,Ruffed grouse,0
171,Snowshoe hare,1
171,Spruce grouse,0
171,Wild turkey,0
171,Wolf or Coyote,1
172,Chipmunk,0
172,European starling,0
172,Deer,0
172,Deer mouse,1
172,Cow,0
172,Elk,0
172,Flying squirrel,0
172,Ground squirrel,0
172,Meadow vole,0
172,Moose,1
172,Muskrat,0
172,Pig,0
172,Rabbit,0
172,Red squirrel,0
172,Red-backed vole,0
172,Ruffed grouse,0
172,Snowshoe hare,0
172,Spruce grouse,0
172,Wild turkey,0
172,Wolf or Coyote,1
175,Chipmunk,0
175,European starling,0
175,Deer,0
175,Deer mouse,1
175,Cow,0
175,Elk,0
175,Flying squirrel,0
175,Ground squirrel,0
175,Meadow vole,0
175,Moose,0
175,Muskrat,0
175,Pig,0
175,Rabbit,0
175,Red squirrel,0
175,Red-backed vole,0
175,Ruffed grouse,0
175,Snowshoe hare,1
175,Spruce grouse,0
175,Wild turkey,0
175,Wolf or Coyote,1
176,Chipmunk,0
176,European starling,0
176,Deer,0
176,Deer mouse,0
176,Cow,0
176,Elk,0
176,Flying squirrel,0
176,Ground squirrel,0
176,Meadow vole,0
176,Moose,0
176,Muskrat,0
176,Pig,0
176,Rabbit,0
176,Red squirrel,0
176,Red-backed vole,0
176,Ruffed grouse,0
176,Snowshoe hare,1
176,Spruce grouse,0
176,Wild turkey,0
176,Wolf or Coyote,1
177,Chipmunk,0
177,European starling,0
177,Deer,0
177,Deer mouse,0
177,Cow,0
177,Elk,0
177,Flying squirrel,0
177,Ground squirrel,0
177,Meadow vole,0
177,Moose,0
177,Muskrat,0
177,Pig,0
177,Rabbit,0
177,Red squirrel,0
177,Red-backed vole,0
177,Ruffed grouse,0
177,Snowshoe hare,1
177,Spruce grouse,0
177,Wild turkey,0
177,Wolf or Coyote,1
183,Chipmunk,0
183,European starling,0
183,Deer,0
183,Deer mouse,0
183,Cow,0
183,Elk,1
183,Flying squirrel,0
183,Ground squirrel,0
183,Meadow vole,0
183,Moose,0
183,Muskrat,0
183,Pig,0
183,Rabbit,0
183,Red squirrel,1
183,Red-backed vole,0
183,Ruffed grouse,0
183,Snowshoe hare,0
183,Spruce grouse,0
183,Wild turkey,0
183,Wolf or Coyote,1
203,Chipmunk,0
203,European starling,0
203,Deer,1
203,Deer mouse,0
203,Cow,0
203,Elk,0
203,Flying squirrel,0
203,Ground squirrel,0
203,Meadow vole,0
203,Moose,0
203,Muskrat,0
203,Pig,0
203,Rabbit,0
203,Red squirrel,0
203,Red-backed vole,0
203,Ruffed grouse,0
203,Snowshoe hare,0
203,Spruce grouse,0
203,Wild turkey,0
203,Wolf or Coyote,0
204,Chipmunk,0
204,European starling,0
204,Deer,1
204,Deer mouse,0
204,Cow,0
204,Elk,0
204,Flying squirrel,0
204,Ground squirrel,0
204,Meadow vole,0
204,Moose,0
204,Muskrat,0
204,Pig,0
204,Rabbit,0
204,Red squirrel,0
204,Red-backed vole,0
204,Ruffed grouse,0
204,Snowshoe hare,0
204,Spruce grouse,0
204,Wild turkey,0
204,Wolf or Coyote,1
285,Chipmunk,0
285,European starling,0
285,Deer,0
285,Deer mouse,0
285,Cow,0
285,Elk,0
285,Flying squirrel,0
285,Ground squirrel,0
285,Meadow vole,0
285,Moose,0
285,Muskrat,0
285,Pig,1
285,Rabbit,0
285,Red squirrel,0
285,Red-backed vole,0
285,Ruffed grouse,0
285,Snowshoe hare,0
285,Spruce grouse,0
285,Wild turkey,0
285,Wolf or Coyote,1
287,Chipmunk,0
287,European starling,0
287,Deer,0
287,Deer mouse,0
287,Cow,0
287,Elk,0
287,Flying squirrel,0
287,Ground squirrel,0
287,Meadow vole,0
287,Moose,1
287,Muskrat,0
287,Pig,0
287,Rabbit,0
287,Red squirrel,0
287,Red-backed vole,0
287,Ruffed grouse,0
287,Snowshoe hare,0
287,Spruce grouse,0
287,Wild turkey,0
287,Wolf or Coyote,1
290,Chipmunk,0
290,European starling,0
290,Deer,0
290,Deer mouse,0
290,Cow,0
290,Elk,0
290,Flying squirrel,0
290,Ground squirrel,0
290,Meadow vole,0
290,Moose,1
290,Muskrat,0
290,Pig,0
290,Rabbit,0
290,Red squirrel,0
290,Red-backed vole,0
290,Ruffed grouse,0
290,Snowshoe hare,0
290,Spruce grouse,0
290,Wild turkey,0
290,Wolf or Coyote,1
297,Chipmunk,0
297,European starling,0
297,Deer,1
297,Deer mouse,0
297,Cow,0
297,Elk,0
297,Flying squirrel,0
297,Ground squirrel,0
297,Meadow vole,0
297,Moose,0
297,Muskrat,0
297,Pig,0
297,Rabbit,0
297,Red squirrel,0
297,Red-backed vole,0
297,Ruffed grouse,0
297,Snowshoe hare,0
297,Spruce grouse,0
297,Wild turkey,0
297,Wolf or Coyote,0
303,Chipmunk,0
303,European starling,0
303,Deer,1
303,Deer mouse,0
303,Cow,0
303,Elk,1
303,Flying squirrel,0
303,Ground squirrel,0
303,Meadow vole,0
303,Moose,0
303,Muskrat,0
303,Pig,0
303,Rabbit,0
303,Red squirrel,0
303,Red-backed vole,0
303,Ruffed grouse,0
303,Snowshoe hare,1
303,Spruce grouse,0
303,Wild turkey,0
303,Wolf or Coyote,1
308,Chipmunk,0
308,European starling,0
308,Deer,1
308,Deer mouse,0
308,Cow,1
308,Elk,0
308,Flying squirrel,0
308,Ground squirrel,0
308,Meadow vole,0
308,Moose,0
308,Muskrat,0
308,Pig,0
308,Rabbit,0
308,Red squirrel,0
308,Red-backed vole,0
308,Ruffed grouse,0
308,Snowshoe hare,0
308,Spruce grouse,0
308,Wild turkey,0
308,Wolf or Coyote,1
311,Chipmunk,0
311,European starling,0
311,Deer,0
311,Deer mouse,0
311,Cow,0
311,Elk,0
311,Flying squirrel,0
311,Ground squirrel,0
311,Meadow vole,0
311,Moose,1
311,Muskrat,0
311,Pig,0
311,Rabbit,0
311,Red squirrel,0
311,Red-backed vole,0
311,Ruffed grouse,0
311,Snowshoe hare,0
311,Spruce grouse,0
311,Wild turkey,0
311,Wolf or Coyote,1
313,Chipmunk,0
313,European starling,0
313,Deer,0
313,Deer mouse,0
313,Cow,0
313,Elk,0
313,Flying squirrel,0
313,Ground squirrel,0
313,Meadow vole,0
313,Moose,1
313,Muskrat,0
313,Pig,1
313,Rabbit,0
313,Red squirrel,0
313,Red-backed vole,0
313,Ruffed grouse,0
313,Snowshoe hare,0
313,Spruce grouse,0
313,Wild turkey,0
313,Wolf or Coyote,1
573,Chipmunk,0
573,European starling,0
573,Deer,0
573,Deer mouse,0
573,Cow,0
573,Elk,0
573,Flying squirrel,0
573,Ground squirrel,0
573,Meadow vole,0
573,Moose,0
573,Muskrat,0
573,Pig,0
573,Rabbit,0
573,Red squirrel,0
573,Red-backed vole,0
573,Ruffed grouse,0
573,Snowshoe hare,1
573,Spruce grouse,0
573,Wild turkey,0
573,Wolf or Coyote,1
575,Chipmunk,0
575,European starling,0
575,Deer,0
575,Deer mouse,0
575,Cow,0
575,Elk,0
575,Flying squirrel,0
575,Ground squirrel,0
575,Meadow vole,0
575,Moose,0
575,Muskrat,0
575,Pig,0
575,Rabbit,0
575,Red squirrel,0
575,Red-backed vole,0
575,Ruffed grouse,0
575,Snowshoe hare,1
575,Spruce grouse,0
575,Wild turkey,0
575,Wolf or Coyote,1
613,Chipmunk,0
613,European starling,0
613,Deer,0
613,Deer mouse,1
613,Cow,0
613,Elk,0
613,Flying squirrel,0
613,Ground squirrel,0
613,Meadow vole,0
613,Moose,0
613,Muskrat,0
613,Pig,0
613,Rabbit,0
613,Red squirrel,0
613,Red-backed vole,1
613,Ruffed grouse,1
613,Snowshoe hare,1
613,Spruce grouse,0
613,Wild turkey,0
613,Wolf or Coyote,1
621,Chipmunk,0
621,European starling,0
621,Deer,0
621,Deer mouse,0
621,Cow,0
621,Elk,1
621,Flying squirrel,0
621,Ground squirrel,0
621,Meadow vole,0
621,Moose,0
621,Muskrat,0
621,Pig,0
621,Rabbit,0
621,Red squirrel,0
621,Red-backed vole,0
621,Ruffed grouse,0
621,Snowshoe hare,1
621,Spruce grouse,0
621,Wild turkey,0
621,Wolf or Coyote,1
641,Chipmunk,0
641,European starling,0
641,Deer,1
641,Deer mouse,0
641,Cow,0
641,Elk,0
641,Flying squirrel,0
641,Ground squirrel,0
641,Meadow vole,0
641,Moose,1
641,Muskrat,0
641,Pig,0
641,Rabbit,0
641,Red squirrel,0
641,Red-backed vole,0
641,Ruffed grouse,0
641,Snowshoe hare,1
641,Spruce grouse,0
641,Wild turkey,0
641,Wolf or Coyote,1
644,Chipmunk,0
644,European starling,0
644,Deer,0
644,Deer mouse,0
644,Cow,0
644,Elk,0
644,Flying squirrel,0
644,Ground squirrel,0
644,Meadow vole,0
644,Moose,1
644,Muskrat,0
644,Pig,0
644,Rabbit,0
644,Red squirrel,0
644,Red-backed vole,0
644,Ruffed grouse,0
644,Snowshoe hare,0
644,Spruce grouse,0
644,Wild turkey,0
644,Wolf or Coyote,1
646,Chipmunk,0
646,European starling,0
646,Deer,0
646,Deer mouse,0
646,Cow,0
646,Elk,0
646,Flying squirrel,0
646,Ground squirrel,0
646,Meadow vole,0
646,Moose,1
646,Muskrat,0
646,Pig,0
646,Rabbit,0
646,Red squirrel,0
646,Red-backed vole,0
646,Ruffed grouse,0
646,Snowshoe hare,0
646,Spruce grouse,0
646,Wild turkey,0
646,Wolf or Coyote,1
650,Chipmunk,0
650,European starling,0
650,Deer,0
650,Deer mouse,1
650,Cow,0
650,Elk,0
650,Flying squirrel,0
650,Ground squirrel,0
650,Meadow vole,0
650,Moose,1
650,Muskrat,0
650,Pig,0
650,Rabbit,0
650,Red squirrel,0
650,Red-backed vole,0
650,Ruffed grouse,0
650,Snowshoe hare,1
650,Spruce grouse,0
650,Wild turkey,0
650,Wolf or Coyote,1
652,Chipmunk,0
652,European starling,0
652,Deer,0
652,Deer mouse,0
652,Cow,0
652,Elk,0
652,Flying squirrel,1
652,Ground squirrel,1
652,Meadow vole,0
652,Moose,0
652,Muskrat,0
652,Pig,0
652,Rabbit,0
652,Red squirrel,0
652,Red-backed vole,0
652,Ruffed grouse,0
652,Snowshoe hare,1
652,Spruce grouse,0
652,Wild turkey,0
652,Wolf or Coyote,1
653,Chipmunk,0
653,European starling,0
653,Deer,0
653,Deer mouse,0
653,Cow,0
653,Elk,0
653,Flying squirrel,0
653,Ground squirrel,1
653,Meadow vole,0
653,Moose,1
653,Muskrat,0
653,Pig,0
653,Rabbit,0
653,Red squirrel,0
653,Red-backed vole,0
653,Ruffed grouse,0
653,Snowshoe hare,1
653,Spruce grouse,0
653,Wild turkey,0
653,Wolf or Coyote,1
656,Chipmunk,0
656,European starling,0
656,Deer,0
656,Deer mouse,0
656,Cow,0
656,Elk,0
656,Flying squirrel,0
656,Ground squirrel,0
656,Meadow vole,0
656,Moose,1
656,Muskrat,0
656,Pig,0
656,Rabbit,0
656,Red squirrel,0
656,Red-backed vole,0
656,Ruffed grouse,0
656,Snowshoe hare,1
656,Spruce grouse,0
656,Wild turkey,0
656,Wolf or Coyote,1
657,Chipmunk,0
657,European starling,0
657,Deer,0
657,Deer mouse,0
657,Cow,0
657,Elk,0
657,Flying squirrel,0
657,Ground squirrel,0
657,Meadow vole,0
657,Moose,1
657,Muskrat,0
657,Pig,0
657,Rabbit,0
657,Red squirrel,0
657,Red-backed vole,0
657,Ruffed grouse,0
657,Snowshoe hare,0
657,Spruce grouse,0
657,Wild turkey,0
657,Wolf or Coyote,1
659,Chipmunk,0
659,European starling,0
659,Deer,0
659,Deer mouse,0
659,Cow,0
659,Elk,0
659,Flying squirrel,0
659,Ground squirrel,1
659,Meadow vole,0
659,Moose,1
659,Muskrat,0
659,Pig,0
659,Rabbit,0
659,Red squirrel,0
659,Red-backed vole,0
659,Ruffed grouse,0
659,Snowshoe hare,0
659,Spruce grouse,0
659,Wild turkey,0
659,Wolf or Coyote,1
660,Chipmunk,0
660,European starling,0
660,Deer,0
660,Deer mouse,0
660,Cow,0
660,Elk,0
660,Flying squirrel,0
660,Ground squirrel,0
660,Meadow vole,0
660,Moose,1
660,Muskrat,0
660,Pig,0
660,Rabbit,0
660,Red squirrel,0
660,Red-backed vole,0
660,Ruffed grouse,0
660,Snowshoe hare,1
660,Spruce grouse,0
660,Wild turkey,0
660,Wolf or Coyote,1
661,Chipmunk,0
661,European starling,0
661,Deer,0
661,Deer mouse,0
661,Cow,0
661,Elk,0
661,Flying squirrel,0
661,Ground squirrel,0
661,Meadow vole,0
661,Moose,1
661,Muskrat,0
661,Pig,0
661,Rabbit,0
661,Red squirrel,0
661,Red-backed vole,0
661,Ruffed grouse,0
661,Snowshoe hare,0
661,Spruce grouse,0
661,Wild turkey,0
661,Wolf or Coyote,1
663,Chipmunk,0
663,European starling,0
663,Deer,0
663,Deer mouse,0
663,Cow,0
663,Elk,0
663,Flying squirrel,0
663,Ground squirrel,0
663,Meadow vole,0
663,Moose,1
663,Muskrat,0
663,Pig,0
663,Rabbit,0
663,Red squirrel,0
663,Red-backed vole,0
663,Ruffed grouse,0
663,Snowshoe hare,0
663,Spruce grouse,0
663,Wild turkey,0
663,Wolf or Coyote,1
664,Chipmunk,0
664,European starling,0
664,Deer,1
664,Deer mouse,0
664,Cow,0
664,Elk,0
664,Flying squirrel,0
664,Ground squirrel,0
664,Meadow vole,0
664,Moose,0
664,Muskrat,0
664,Pig,0
664,Rabbit,0
664,Red squirrel,0
664,Red-backed vole,1
664,Ruffed grouse,0
664,Snowshoe hare,1
664,Spruce grouse,0
664,Wild turkey,0
664,Wolf or Coyote,1
665,Chipmunk,0
665,European starling,0
665,Deer,0
665,Deer mouse,0
665,Cow,0
665,Elk,0
665,Flying squirrel,0
665,Ground squirrel,0
665,Meadow vole,0
665,Moose,1
665,Muskrat,0
665,Pig,0
665,Rabbit,0
665,Red squirrel,0
665,Red-backed vole,0
665,Ruffed grouse,0
665,Snowshoe hare,0
665,Spruce grouse,0
665,Wild turkey,0
665,Wolf or Coyote,1
667,Chipmunk,0
667,European starling,0
667,Deer,0
667,Deer mouse,0
667,Cow,0
667,Elk,0
667,Flying squirrel,0
667,Ground squirrel,0
667,Meadow vole,0
667,Moose,1
667,Muskrat,0
667,Pig,0
667,Rabbit,0
667,Red squirrel,0
667,Red-backed vole,0
667,Ruffed grouse,1
667,Snowshoe hare,0
667,Spruce grouse,0
667,Wild turkey,0
667,Wolf or Coyote,1
776,Chipmunk,0
776,European starling,0
776,Deer,0
776,Deer mouse,0
776,Cow,0
776,Elk,0
776,Flying squirrel,0
776,Ground squirrel,0
776,Meadow vole,0
776,Moose,1
776,Muskrat,0
776,Pig,0
776,Rabbit,0
776,Red squirrel,0
776,Red-backed vole,0
776,Ruffed grouse,0
776,Snowshoe hare,0
776,Spruce grouse,0
776,Wild turkey,0
776,Wolf or Coyote,1
778,Chipmunk,0
778,European starling,0
778,Deer,0
778,Deer mouse,0
778,Cow,0
778,Elk,0
778,Flying squirrel,0
778,Ground squirrel,0
778,Meadow vole,0
778,Moose,1
778,Muskrat,0
778,Pig,0
778,Rabbit,0
778,Red squirrel,0
778,Red-backed vole,0
778,Ruffed grouse,0
778,Snowshoe hare,1
778,Spruce grouse,0
778,Wild turkey,0
778,Wolf or Coyote,1
779,Chipmunk,0
779,European starling,0
779,Deer,1
779,Deer mouse,0
779,Cow,0
779,Elk,0
779,Flying squirrel,0
779,Ground squirrel,0
779,Meadow vole,0
779,Moose,0
779,Muskrat,0
779,Pig,0
779,Rabbit,0
779,Red squirrel,0
779,Red-backed vole,0
779,Ruffed grouse,0
779,Snowshoe hare,0
779,Spruce grouse,0
779,Wild turkey,0
779,Wolf or Coyote,1
781,Chipmunk,0
781,European starling,0
781,Deer,1
781,Deer mouse,0
781,Cow,0
781,Elk,0
781,Flying squirrel,0
781,Ground squirrel,0
781,Meadow vole,1
781,Moose,0
781,Muskrat,0
781,Pig,0
781,Rabbit,0
781,Red squirrel,1
781,Red-backed vole,0
781,Ruffed grouse,0
781,Snowshoe hare,1
781,Spruce grouse,0
781,Wild turkey,0
781,Wolf or Coyote,1
784,Chipmunk,0
784,European starling,0
784,Deer,0
784,Deer mouse,0
784,Cow,0
784,Elk,0
784,Flying squirrel,0
784,Ground squirrel,0
784,Meadow vole,0
784,Moose,1
784,Muskrat,0
784,Pig,0
784,Rabbit,0
784,Red squirrel,0
784,Red-backed vole,0
784,Ruffed grouse,0
784,Snowshoe hare,0
784,Spruce grouse,0
784,Wild turkey,0
784,Wolf or Coyote,1
786,Chipmunk,0
786,European starling,0
786,Deer,0
786,Deer mouse,0
786,Cow,0
786,Elk,0
786,Flying squirrel,0
786,Ground squirrel,0
786,Meadow vole,0
786,Moose,1
786,Muskrat,0
786,Pig,0
786,Rabbit,0
786,Red squirrel,0
786,Red-backed vole,0
786,Ruffed grouse,0
786,Snowshoe hare,1
786,Spruce grouse,0
786,Wild turkey,0
786,Wolf or Coyote,1
787,Chipmunk,0
787,European starling,0
787,Deer,0
787,Deer mouse,0
787,Cow,0
787,Elk,0
787,Flying squirrel,0
787,Ground squirrel,0
787,Meadow vole,1
787,Moose,1
787,Muskrat,0
787,Pig,0
787,Rabbit,0
787,Red squirrel,0
787,Red-backed vole,0
787,Ruffed grouse,0
787,Snowshoe hare,1
787,Spruce grouse,0
787,Wild turkey,0
787,Wolf or Coyote,1
788,Chipmunk,0
788,European starling,0
788,Deer,0
788,Deer mouse,0
788,Cow,0
788,Elk,0
788,Flying squirrel,0
788,Ground squirrel,0
788,Meadow vole,0
788,Moose,1
788,Muskrat,0
788,Pig,0
788,Rabbit,0
788,Red squirrel,1
788,Red-backed vole,0
788,Ruffed grouse,0
788,Snowshoe hare,1
788,Spruce grouse,0
788,Wild turkey,0
788,Wolf or Coyote,1
790,Chipmunk,0
790,European starling,0
790,Deer,1
790,Deer mouse,0
790,Cow,0
790,Elk,0
790,Flying squirrel,0
790,Ground squirrel,0
790,Meadow vole,0
790,Moose,0
790,Muskrat,0
790,Pig,0
790,Rabbit,0
790,Red squirrel,0
790,Red-backed vole,0
790,Ruffed grouse,0
790,Snowshoe hare,0
790,Spruce grouse,0
790,Wild turkey,0
790,Wolf or Coyote,1
792,Chipmunk,0
792,European starling,0
792,Deer,0
792,Deer mouse,0
792,Cow,0
792,Elk,0
792,Flying squirrel,0
792,Ground squirrel,0
792,Meadow vole,0
792,Moose,1
792,Muskrat,0
792,Pig,0
792,Rabbit,0
792,Red squirrel,0
792,Red-backed vole,0
792,Ruffed grouse,0
792,Snowshoe hare,1
792,Spruce grouse,0
792,Wild turkey,0
792,Wolf or Coyote,1
794,Chipmunk,0
794,European starling,0
794,Deer,1
794,Deer mouse,1
794,Cow,0
794,Elk,0
794,Flying squirrel,0
794,Ground squirrel,0
794,Meadow vole,0
794,Moose,0
794,Muskrat,0
794,Pig,0
794,Rabbit,0
794,Red squirrel,0
794,Red-backed vole,0
794,Ruffed grouse,0
794,Snowshoe hare,1
794,Spruce grouse,0
794,Wild turkey,0
794,Wolf or Coyote,1
826,Chipmunk,0
826,European starling,0
826,Deer,0
826,Deer mouse,0
826,Cow,0
826,Elk,0
826,Flying squirrel,0
826,Ground squirrel,0
826,Meadow vole,1
826,Moose,0
826,Muskrat,0
826,Pig,0
826,Rabbit,0
826,Red squirrel,0
826,Red-backed vole,0
826,Ruffed grouse,0
826,Snowshoe hare,1
826,Spruce grouse,0
826,Wild turkey,0
826,Wolf or Coyote,1
827,Chipmunk,0
827,European starling,0
827,Deer,0
827,Deer mouse,0
827,Cow,0
827,Elk,0
827,Flying squirrel,0
827,Ground squirrel,0
827,Meadow vole,0
827,Moose,1
827,Muskrat,0
827,Pig,0
827,Rabbit,0
827,Red squirrel,0
827,Red-backed vole,0
827,Ruffed grouse,0
827,Snowshoe hare,0
827,Spruce grouse,0
827,Wild turkey,0
827,Wolf or Coyote,1
828,Chipmunk,0
828,European starling,0
828,Deer,1
828,Deer mouse,0
828,Cow,0
828,Elk,0
828,Flying squirrel,0
828,Ground squirrel,0
828,Meadow vole,0
828,Moose,0
828,Muskrat,0
828,Pig,0
828,Rabbit,0
828,Red squirrel,0
828,Red-backed vole,0
828,Ruffed grouse,1
828,Snowshoe hare,0
828,Spruce grouse,0
828,Wild turkey,0
828,Wolf or Coyote,1
829,Chipmunk,0
829,European starling,0
829,Deer,0
829,Deer mouse,0
829,Cow,1
829,Elk,0
829,Flying squirrel,0
829,Ground squirrel,0
829,Meadow vole,0
829,Moose,1
829,Muskrat,0
829,Pig,0
829,Rabbit,0
829,Red squirrel,0
829,Red-backed vole,0
829,Ruffed grouse,0
829,Snowshoe hare,0
829,Spruce grouse,0
829,Wild turkey,0
829,Wolf or Coyote,1
831,Chipmunk,0
831,European starling,0
831,Deer,1
831,Deer mouse,0
831,Cow,1
831,Elk,1
831,Flying squirrel,0
831,Ground squirrel,0
831,Meadow vole,0
831,Moose,0
831,Muskrat,0
831,Pig,1
831,Rabbit,0
831,Red squirrel,0
831,Red-backed vole,0
831,Ruffed grouse,0
831,Snowshoe hare,0
831,Spruce grouse,0
831,Wild turkey,0
831,Wolf or Coyote,1
832,Chipmunk,0
832,European starling,0
832,Deer,0
832,Deer mouse,0
832,Cow,0
832,Elk,0
832,Flying squirrel,0
832,Ground squirrel,0
832,Meadow vole,0
832,Moose,0
832,Muskrat,0
832,Pig,0
832,Rabbit,0
832,Red squirrel,0
832,Red-backed vole,0
832,Ruffed grouse,0
832,Snowshoe hare,0
832,Spruce grouse,0
832,Wild turkey,0
832,Wolf or Coyote,1
833,Chipmunk,0
833,European starling,0
833,Deer,0
833,Deer mouse,0
833,Cow,0
833,Elk,0
833,Flying squirrel,0
833,Ground squirrel,0
833,Meadow vole,0
833,Moose,1
833,Muskrat,0
833,Pig,0
833,Rabbit,0
833,Red squirrel,0
833,Red-backed vole,0
833,Ruffed grouse,0
833,Snowshoe hare,0
833,Spruce grouse,0
833,Wild turkey,0
833,Wolf or Coyote,1
834,Chipmunk,0
834,European starling,0
834,Deer,0
834,Deer mouse,0
834,Cow,0
834,Elk,0
834,Flying squirrel,0
834,Ground squirrel,0
834,Meadow vole,0
834,Moose,1
834,Muskrat,0
834,Pig,0
834,Rabbit,0
834,Red squirrel,0
834,Red-backed vole,0
834,Ruffed grouse,0
834,Snowshoe hare,0
834,Spruce grouse,0
834,Wild turkey,0
834,Wolf or Coyote,1
839,Chipmunk,0
839,European starling,0
839,Deer,0
839,Deer mouse,0
839,Cow,0
839,Elk,1
839,Flying squirrel,0
839,Ground squirrel,0
839,Meadow vole,0
839,Moose,0
839,Muskrat,0
839,Pig,0
839,Rabbit,0
839,Red squirrel,0
839,Red-backed vole,0
839,Ruffed grouse,0
839,Snowshoe hare,0
839,Spruce grouse,0
839,Wild turkey,0
839,Wolf or Coyote,1
840,Chipmunk,0
840,European starling,0
840,Deer,1
840,Deer mouse,0
840,Cow,1
840,Elk,0
840,Flying squirrel,0
840,Ground squirrel,0
840,Meadow vole,0
840,Moose,0
840,Muskrat,0
840,Pig,0
840,Rabbit,0
840,Red squirrel,0
840,Red-backed vole,0
840,Ruffed grouse,0
840,Snowshoe hare,0
840,Spruce grouse,0
840,Wild turkey,0
840,Wolf or Coyote,1
841,Chipmunk,0
841,European starling,0
841,Deer,0
841,Deer mouse,0
841,Cow,0
841,Elk,0
841,Flying squirrel,0
841,Ground squirrel,0
841,Meadow vole,0
841,Moose,0
841,Muskrat,0
841,Pig,0
841,Rabbit,0
841,Red squirrel,0
841,Red-backed vole,0
841,Ruffed grouse,0
841,Snowshoe hare,0
841,Spruce grouse,0
841,Wild turkey,0
841,Wolf or Coyote,1
842,Chipmunk,0
842,European starling,0
842,Deer,0
842,Deer mouse,0
842,Cow,0
842,Elk,1
842,Flying squirrel,0
842,Ground squirrel,0
842,Meadow vole,0
842,Moose,0
842,Muskrat,0
842,Pig,0
842,Rabbit,0
842,Red squirrel,0
842,Red-backed vole,0
842,Ruffed grouse,0
842,Snowshoe hare,0
842,Spruce grouse,0
842,Wild turkey,0
842,Wolf or Coyote,1
843,Chipmunk,0
843,European starling,0
843,Deer,0
843,Deer mouse,0
843,Cow,0
843,Elk,0
843,Flying squirrel,0
843,Ground squirrel,0
843,Meadow vole,0
843,Moose,1
843,Muskrat,0
843,Pig,0
843,Rabbit,0
843,Red squirrel,0
843,Red-backed vole,0
843,Ruffed grouse,0
843,Snowshoe hare,0
843,Spruce grouse,0
843,Wild turkey,0
843,Wolf or Coyote,1
844,Chipmunk,0
844,European starling,0
844,Deer,0
844,Deer mouse,0
844,Cow,0
844,Elk,0
844,Flying squirrel,0
844,Ground squirrel,0
844,Meadow vole,0
844,Moose,1
844,Muskrat,0
844,Pig,0
844,Rabbit,0
844,Red squirrel,1
844,Red-backed vole,0
844,Ruffed grouse,0
844,Snowshoe hare,0
844,Spruce grouse,0
844,Wild turkey,0
844,Wolf or Coyote,1
847,Chipmunk,0
847,European starling,0
847,Deer,0
847,Deer mouse,0
847,Cow,1
847,Elk,0
847,Flying squirrel,0
847,Ground squirrel,0
847,Meadow vole,0
847,Moose,0
847,Muskrat,0
847,Pig,0
847,Rabbit,0
847,Red squirrel,0
847,Red-backed vole,0
847,Ruffed grouse,0
847,Snowshoe hare,0
847,Spruce grouse,0
847,Wild turkey,0
847,Wolf or Coyote,1
849,Chipmunk,0
849,European starling,0
849,Deer,0
849,Deer mouse,0
849,Cow,0
849,Elk,0
849,Flying squirrel,0
849,Ground squirrel,0
849,Meadow vole,1
849,Moose,0
849,Muskrat,0
849,Pig,0
849,Rabbit,0
849,Red squirrel,0
849,Red-backed vole,0
849,Ruffed grouse,0
849,Snowshoe hare,1
849,Spruce grouse,0
849,Wild turkey,0
849,Wolf or Coyote,1
1215,Chipmunk,0
1215,European starling,0
1215,Deer,1
1215,Deer mouse,0
1215,Cow,0
1215,Elk,0
1215,Flying squirrel,0
1215,Ground squirrel,0
1215,Meadow vole,0
1215,Moose,0
1215,Muskrat,0
1215,Pig,0
1215,Rabbit,0
1215,Red squirrel,0
1215,Red-backed vole,0
1215,Ruffed grouse,0
1215,Snowshoe hare,0
1215,Spruce grouse,0
1215,Wild turkey,0
1215,Wolf or Coyote,1
1216,Chipmunk,0
1216,European starling,0
1216,Deer,0
1216,Deer mouse,0
1216,Cow,0
1216,Elk,0
1216,Flying squirrel,0
1216,Ground squirrel,0
1216,Meadow vole,0
1216,Moose,0
1216,Muskrat,0
1216,Pig,0
1216,Rabbit,0
1216,Red squirrel,0
1216,Red-backed vole,0
1216,Ruffed grouse,0
1216,Snowshoe hare,1
1216,Spruce grouse,0
1216,Wild turkey,0
1216,Wolf or Coyote,1
1545,Chipmunk,0
1545,European starling,0
1545,Deer,0
1545,Deer mouse,0
1545,Cow,0
1545,Elk,0
1545,Flying squirrel,0
1545,Ground squirrel,0
1545,Meadow vole,0
1545,Moose,1
1545,Muskrat,0
1545,Pig,0
1545,Rabbit,0
1545,Red squirrel,0
1545,Red-backed vole,0
1545,Ruffed grouse,0
1545,Snowshoe hare,1
1545,Spruce grouse,0
1545,Wild turkey,0
1545,Wolf or Coyote,1
1635,Chipmunk,0
1635,European starling,0
1635,Deer,1
1635,Deer mouse,0
1635,Cow,0
1635,Elk,0
1635,Flying squirrel,0
1635,Ground squirrel,0
1635,Meadow vole,0
1635,Moose,0
1635,Muskrat,0
1635,Pig,0
1635,Rabbit,0
1635,Red squirrel,0
1635,Red-backed vole,0
1635,Ruffed grouse,0
1635,Snowshoe hare,0
1635,Spruce grouse,0
1635,Wild turkey,0
1635,Wolf or Coyote,1
2141,Chipmunk,0
2141,European starling,0
2141,Deer,0
2141,Deer mouse,0
2141,Cow,0
2141,Elk,0
2141,Flying squirrel,0
2141,Ground squirrel,0
2141,Meadow vole,0
2141,Moose,1
2141,Muskrat,0
2141,Pig,0
2141,Rabbit,0
2141,Red squirrel,0
2141,Red-backed vole,0
2141,Ruffed grouse,0
2141,Snowshoe hare,0
2141,Spruce grouse,0
2141,Wild turkey,0
2141,Wolf or Coyote,1
2155,Chipmunk,0
2155,European starling,0
2155,Deer,0
2155,Deer mouse,0
2155,Cow,0
2155,Elk,0
2155,Flying squirrel,0
2155,Ground squirrel,0
2155,Meadow vole,0
2155,Moose,0
2155,Muskrat,0
2155,Pig,0
2155,Rabbit,0
2155,Red squirrel,0
2155,Red-backed vole,0
2155,Ruffed grouse,0
2155,Snowshoe hare,1
2155,Spruce grouse,0
2155,Wild turkey,0
2155,Wolf or Coyote,1
2623,Chipmunk,0
2623,European starling,0
2623,Deer,0
2623,Deer mouse,0
2623,Cow,0
2623,Elk,0
2623,Flying squirrel,0
2623,Ground squirrel,0
2623,Meadow vole,0
2623,Moose,1
2623,Muskrat,0
2623,Pig,0
2623,Rabbit,0
2623,Red squirrel,0
2623,Red-backed vole,0
2623,Ruffed grouse,0
2623,Snowshoe hare,0
2623,Spruce grouse,0
2623,Wild turkey,0
2623,Wolf or Coyote,1
2636,Chipmunk,0
2636,European starling,0
2636,Deer,1
2636,Deer mouse,0
2636,Cow,0
2636,Elk,0
2636,Flying squirrel,0
2636,Ground squirrel,0
2636,Meadow vole,0
2636,Moose,0
2636,Muskrat,0
2636,Pig,0
2636,Rabbit,0
2636,Red squirrel,0
2636,Red-backed vole,0
2636,Ruffed grouse,0
2636,Snowshoe hare,0
2636,Spruce grouse,0
2636,Wild turkey,0
2636,Wolf or Coyote,0
2645,Chipmunk,0
2645,European starling,1
2645,Deer,1
2645,Deer mouse,0
2645,Cow,0
2645,Elk,0
2645,Flying squirrel,0
2645,Ground squirrel,0
2645,Meadow vole,0
2645,Moose,0
2645,Muskrat,0
2645,Pig,0
2645,Rabbit,0
2645,Red squirrel,0
2645,Red-backed vole,0
2645,Ruffed grouse,0
2645,Snowshoe hare,0
2645,Spruce grouse,0
2645,Wild turkey,0
2645,Wolf or Coyote,1
2648,Chipmunk,0
2648,European starling,0
2648,Deer,0
2648,Deer mouse,0
2648,Cow,0
2648,Elk,0
2648,Flying squirrel,0
2648,Ground squirrel,0
2648,Meadow vole,0
2648,Moose,1
2648,Muskrat,0
2648,Pig,0
2648,Rabbit,0
2648,Red squirrel,0
2648,Red-backed vole,0
2648,Ruffed grouse,0
2648,Snowshoe hare,0
2648,Spruce grouse,0
2648,Wild turkey,0
2648,Wolf or Coyote,1
2649,Chipmunk,0
2649,European starling,0
2649,Deer,0
2649,Deer mouse,0
2649,Cow,0
2649,Elk,0
2649,Flying squirrel,0
2649,Ground squirrel,0
2649,Meadow vole,0
2649,Moose,0
2649,Muskrat,0
2649,Pig,0
2649,Rabbit,0
2649,Red squirrel,0
2649,Red-backed vole,0
2649,Ruffed grouse,0
2649,Snowshoe hare,1
2649,Spruce grouse,0
2649,Wild turkey,0
2649,Wolf or Coyote,1
2650,Chipmunk,0
2650,European starling,0
2650,Deer,0
2650,Deer mouse,0
2650,Cow,0
2650,Elk,0
2650,Flying squirrel,0
2650,Ground squirrel,0
2650,Meadow vole,0
2650,Moose,1
2650,Muskrat,0
2650,Pig,0
2650,Rabbit,0
2650,Red squirrel,0
2650,Red-backed vole,0
2650,Ruffed grouse,0
2650,Snowshoe hare,0
2650,Spruce grouse,0
2650,Wild turkey,0
2650,Wolf or Coyote,1
6310,Chipmunk,0
6310,European starling,0
6310,Deer,0
6310,Deer mouse,0
6310,Cow,0
6310,Elk,0
6310,Flying squirrel,0
6310,Ground squirrel,0
6310,Meadow vole,0
6310,Moose,0
6310,Muskrat,0
6310,Pig,0
6310,Rabbit,0
6310,Red squirrel,0
6310,Red-backed vole,0
6310,Ruffed grouse,0
6310,Snowshoe hare,1
6310,Spruce grouse,0
6310,Wild turkey,0
6310,Wolf or Coyote,1
6311,Chipmunk,0
6311,European starling,1
6311,Deer,0
6311,Deer mouse,0
6311,Cow,0
6311,Elk,0
6311,Flying squirrel,0
6311,Ground squirrel,0
6311,Meadow vole,0
6311,Moose,0
6311,Muskrat,0
6311,Pig,0
6311,Rabbit,0
6311,Red squirrel,0
6311,Red-backed vole,0
6311,Ruffed grouse,0
6311,Snowshoe hare,0
6311,Spruce grouse,0
6311,Wild turkey,0
6311,Wolf or Coyote,1
6316,Chipmunk,0
6316,European starling,0
6316,Deer,1
6316,Deer mouse,0
6316,Cow,0
6316,Elk,0
6316,Flying squirrel,0
6316,Ground squirrel,0
6316,Meadow vole,0
6316,Moose,0
6316,Muskrat,0
6316,Pig,0
6316,Rabbit,0
6316,Red squirrel,0
6316,Red-backed vole,0
6316,Ruffed grouse,0
6316,Snowshoe hare,0
6316,Spruce grouse,0
6316,Wild turkey,0
6316,Wolf or Coyote,1
6317,Chipmunk,0
6317,European starling,0
6317,Deer,1
6317,Deer mouse,0
6317,Cow,0
6317,Elk,0
6317,Flying squirrel,0
6317,Ground squirrel,0
6317,Meadow vole,0
6317,Moose,0
6317,Muskrat,0
6317,Pig,0
6317,Rabbit,0
6317,Red squirrel,0
6317,Red-backed vole,0
6317,Ruffed grouse,0
6317,Snowshoe hare,0
6317,Spruce grouse,0
6317,Wild turkey,0
6317,Wolf or Coyote,1
6318,Chipmunk,0
6318,European starling,0
6318,Deer,0
6318,Deer mouse,0
6318,Cow,0
6318,Elk,0
6318,Flying squirrel,0
6318,Ground squirrel,0
6318,Meadow vole,0
6318,Moose,0
6318,Muskrat,0
6318,Pig,0
6318,Rabbit,0
6318,Red squirrel,0
6318,Red-backed vole,0
6318,Ruffed grouse,0
6318,Snowshoe hare,0
6318,Spruce grouse,0
6318,Wild turkey,0
6318,Wolf or Coyote,1
6322,Chipmunk,0
6322,European starling,0
6322,Deer,0
6322,Deer mouse,0
6322,Cow,0
6322,Elk,0
6322,Flying squirrel,0
6322,Ground squirrel,0
6322,Meadow vole,0
6322,Moose,0
6322,Muskrat,0
6322,Pig,0
6322,Rabbit,0
6322,Red squirrel,0
6322,Red-backed vole,0
6322,Ruffed grouse,0
6322,Snowshoe hare,0
6322,Spruce grouse,0
6322,Wild turkey,0
6322,Wolf or Coyote,1
6323,Chipmunk,0
6323,European starling,0
6323,Deer,0
6323,Deer mouse,0
6323,Cow,0
6323,Elk,0
6323,Flying squirrel,0
6323,Ground squirrel,0
6323,Meadow vole,0
6323,Moose,0
6323,Muskrat,0
6323,Pig,0
6323,Rabbit,0
6323,Red squirrel,0
6323,Red-backed vole,0
6323,Ruffed grouse,0
6323,Snowshoe hare,1
6323,Spruce grouse,0
6323,Wild turkey,0
6323,Wolf or Coyote,1
6324,Chipmunk,0
6324,European starling,0
6324,Deer,1
6324,Deer mouse,0
6324,Cow,0
6324,Elk,0
6324,Flying squirrel,0
6324,Ground squirrel,0
6324,Meadow vole,0
6324,Moose,0
6324,Muskrat,0
6324,Pig,0
6324,Rabbit,0
6324,Red squirrel,0
6324,Red-backed vole,0
6324,Ruffed grouse,0
6324,Snowshoe hare,0
6324,Spruce grouse,0
6324,Wild turkey,0
6324,Wolf or Coyote,1
6325,Chipmunk,0
6325,European starling,0
6325,Deer,0
6325,Deer mouse,0
6325,Cow,0
6325,Elk,0
6325,Flying squirrel,0
6325,Ground squirrel,0
6325,Meadow vole,0
6325,Moose,1
6325,Muskrat,0
6325,Pig,0
6325,Rabbit,0
6325,Red squirrel,0
6325,Red-backed vole,0
6325,Ruffed grouse,0
6325,Snowshoe hare,1
6325,Spruce grouse,0
6325,Wild turkey,0
6325,Wolf or Coyote,1
6327,Chipmunk,0
6327,European starling,0
6327,Deer,0
6327,Deer mouse,0
6327,Cow,0
6327,Elk,0
6327,Flying squirrel,0
6327,Ground squirrel,0
6327,Meadow vole,0
6327,Moose,0
6327,Muskrat,0
6327,Pig,0
6327,Rabbit,0
6327,Red squirrel,0
6327,Red-backed vole,0
6327,Ruffed grouse,0
6327,Snowshoe hare,1
6327,Spruce grouse,0
6327,Wild turkey,0
6327,Wolf or Coyote,1
6341,Chipmunk,0
6341,European starling,0
6341,Deer,1
6341,Deer mouse,0
6341,Cow,0
6341,Elk,0
6341,Flying squirrel,0
6341,Ground squirrel,0
6341,Meadow vole,1
6341,Moose,0
6341,Muskrat,0
6341,Pig,0
6341,Rabbit,0
6341,Red squirrel,0
6341,Red-backed vole,0
6341,Ruffed grouse,0
6341,Snowshoe hare,0
6341,Spruce grouse,0
6341,Wild turkey,0
6341,Wolf or Coyote,1
6342,Chipmunk,0
6342,European starling,0
6342,Deer,0
6342,Deer mouse,0
6342,Cow,0
6342,Elk,0
6342,Flying squirrel,0
6342,Ground squirrel,1
6342,Meadow vole,0
6342,Moose,0
6342,Muskrat,0
6342,Pig,0
6342,Rabbit,0
6342,Red squirrel,0
6342,Red-backed vole,0
6342,Ruffed grouse,0
6342,Snowshoe hare,1
6342,Spruce grouse,0
6342,Wild turkey,0
6342,Wolf or Coyote,1
6344,Chipmunk,0
6344,European starling,0
6344,Deer,0
6344,Deer mouse,0
6344,Cow,0
6344,Elk,0
6344,Flying squirrel,0
6344,Ground squirrel,1
6344,Meadow vole,0
6344,Moose,0
6344,Muskrat,0
6344,Pig,0
6344,Rabbit,0
6344,Red squirrel,0
6344,Red-backed vole,0
6344,Ruffed grouse,0
6344,Snowshoe hare,1
6344,Spruce grouse,0
6344,Wild turkey,0
6344,Wolf or Coyote,1
7144,Chipmunk,0
7144,European starling,0
7144,Deer,1
7144,Deer mouse,0
7144,Cow,0
7144,Elk,0
7144,Flying squirrel,0
7144,Ground squirrel,0
7144,Meadow vole,0
7144,Moose,0
7144,Muskrat,0
7144,Pig,0
7144,Rabbit,0
7144,Red squirrel,0
7144,Red-backed vole,0
7144,Ruffed grouse,0
7144,Snowshoe hare,0
7144,Spruce grouse,0
7144,Wild turkey,0
7144,Wolf or Coyote,1
7188,Chipmunk,0
7188,European starling,0
7188,Deer,1
7188,Deer mouse,0
7188,Cow,0
7188,Elk,0
7188,Flying squirrel,0
7188,Ground squirrel,0
7188,Meadow vole,0
7188,Moose,0
7188,Muskrat,0
7188,Pig,0
7188,Rabbit,0
7188,Red squirrel,0
7188,Red-backed vole,0
7188,Ruffed grouse,0
7188,Snowshoe hare,0
7188,Spruce grouse,0
7188,Wild turkey,0
7188,Wolf or Coyote,1
7189,Chipmunk,0
7189,European starling,0
7189,Deer,1
7189,Deer mouse,0
7189,Cow,0
7189,Elk,0
7189,Flying squirrel,0
7189,Ground squirrel,0
7189,Meadow vole,0
7189,Moose,0
7189,Muskrat,0
7189,Pig,0
7189,Rabbit,0
7189,Red squirrel,0
7189,Red-backed vole,0
7189,Ruffed grouse,0
7189,Snowshoe hare,0
7189,Spruce grouse,0
7189,Wild turkey,0
7189,Wolf or Coyote,1
7190,Chipmunk,0
7190,European starling,0
7190,Deer,0
7190,Deer mouse,0
7190,Cow,1
7190,Elk,1
7190,Flying squirrel,0
7190,Ground squirrel,0
7190,Meadow vole,0
7190,Moose,1
7190,Muskrat,0
7190,Pig,0
7190,Rabbit,0
7190,Red squirrel,0
7190,Red-backed vole,0
7190,Ruffed grouse,0
7190,Snowshoe hare,0
7190,Spruce grouse,0
7190,Wild turkey,0
7190,Wolf or Coyote,1
7191,Chipmunk,0
7191,European starling,0
7191,Deer,0
7191,Deer mouse,0
7191,Cow,1
7191,Elk,0
7191,Flying squirrel,0
7191,Ground squirrel,0
7191,Meadow vole,0
7191,Moose,1
7191,Muskrat,0
7191,Pig,0
7191,Rabbit,0
7191,Red squirrel,0
7191,Red-backed vole,0
7191,Ruffed grouse,0
7191,Snowshoe hare,0
7191,Spruce grouse,0
7191,Wild turkey,0
7191,Wolf or Coyote,1
7192,Chipmunk,0
7192,European starling,0
7192,Deer,0
7192,Deer mouse,0
7192,Cow,0
7192,Elk,1
7192,Flying squirrel,0
7192,Ground squirrel,0
7192,Meadow vole,0
7192,Moose,0
7192,Muskrat,0
7192,Pig,0
7192,Rabbit,0
7192,Red squirrel,0
7192,Red-backed vole,0
7192,Ruffed grouse,0
7192,Snowshoe hare,0
7192,Spruce grouse,0
7192,Wild turkey,0
7192,Wolf or Coyote,1
7193,Chipmunk,0
7193,European starling,0
7193,Deer,0
7193,Deer mouse,0
7193,Cow,1
7193,Elk,1
7193,Flying squirrel,0
7193,Ground squirrel,0
7193,Meadow vole,0
7193,Moose,0
7193,Muskrat,0
7193,Pig,0
7193,Rabbit,0
7193,Red squirrel,0
7193,Red-backed vole,0
7193,Ruffed grouse,0
7193,Snowshoe hare,0
7193,Spruce grouse,0
7193,Wild turkey,0
7193,Wolf or Coyote,1
7194,Chipmunk,0
7194,European starling,0
7194,Deer,1
7194,Deer mouse,0
7194,Cow,0
7194,Elk,1
7194,Flying squirrel,0
7194,Ground squirrel,0
7194,Meadow vole,0
7194,Moose,0
7194,Muskrat,0
7194,Pig,0
7194,Rabbit,0
7194,Red squirrel,1
7194,Red-backed vole,0
7194,Ruffed grouse,0
7194,Snowshoe hare,0
7194,Spruce grouse,0
7194,Wild turkey,0
7194,Wolf or Coyote,1
7196,Chipmunk,0
7196,European starling,0
7196,Deer,0
7196,Deer mouse,0
7196,Cow,0
7196,Elk,0
7196,Flying squirrel,0
7196,Ground squirrel,0
7196,Meadow vole,0
7196,Moose,1
7196,Muskrat,0
7196,Pig,0
7196,Rabbit,0
7196,Red squirrel,0
7196,Red-backed vole,0
7196,Ruffed grouse,0
7196,Snowshoe hare,0
7196,Spruce grouse,0
7196,Wild turkey,0
7196,Wolf or Coyote,1
7197,Chipmunk,0
7197,European starling,0
7197,Deer,1
7197,Deer mouse,0
7197,Cow,0
7197,Elk,0
7197,Flying squirrel,0
7197,Ground squirrel,0
7197,Meadow vole,0
7197,Moose,0
7197,Muskrat,0
7197,Pig,0
7197,Rabbit,0
7197,Red squirrel,0
7197,Red-backed vole,0
7197,Ruffed grouse,0
7197,Snowshoe hare,0
7197,Spruce grouse,0
7197,Wild turkey,0
7197,Wolf or Coyote,1
7198,Chipmunk,0
7198,European starling,0
7198,Deer,0
7198,Deer mouse,0
7198,Cow,1
7198,Elk,1
7198,Flying squirrel,0
7198,Ground squirrel,0
7198,Meadow vole,0
7198,Moose,0
7198,Muskrat,0
7198,Pig,0
7198,Rabbit,0
7198,Red squirrel,0
7198,Red-backed vole,0
7198,Ruffed grouse,0
7198,Snowshoe hare,0
7198,Spruce grouse,0
7198,Wild turkey,0
7198,Wolf or Coyote,1
7201,Chipmunk,0
7201,European starling,0
7201,Deer,0
7201,Deer mouse,0
7201,Cow,0
7201,Elk,1
7201,Flying squirrel,0
7201,Ground squirrel,0
7201,Meadow vole,0
7201,Moose,0
7201,Muskrat,0
7201,Pig,0
7201,Rabbit,0
7201,Red squirrel,0
7201,Red-backed vole,0
7201,Ruffed grouse,0
7201,Snowshoe hare,0
7201,Spruce grouse,0
7201,Wild turkey,0
7201,Wolf or Coyote,1
7202,Chipmunk,0
7202,European starling,0
7202,Deer,1
7202,Deer mouse,0
7202,Cow,0
7202,Elk,1
7202,Flying squirrel,0
7202,Ground squirrel,0
7202,Meadow vole,0
7202,Moose,0
7202,Muskrat,0
7202,Pig,0
7202,Rabbit,0
7202,Red squirrel,0
7202,Red-backed vole,0
7202,Ruffed grouse,0
7202,Snowshoe hare,0
7202,Spruce grouse,0
7202,Wild turkey,0
7202,Wolf or Coyote,1
7204,Chipmunk,0
7204,European starling,0
7204,Deer,0
7204,Deer mouse,0
7204,Cow,1
7204,Elk,1
7204,Flying squirrel,0
7204,Ground squirrel,0
7204,Meadow vole,0
7204,Moose,0
7204,Muskrat,0
7204,Pig,0
7204,Rabbit,0
7204,Red squirrel,0
7204,Red-backed vole,0
7204,Ruffed grouse,0
7204,Snowshoe hare,0
7204,Spruce grouse,0
7204,Wild turkey,0
7204,Wolf or Coyote,0
7205,Chipmunk,0
7205,European starling,0
7205,Deer,0
7205,Deer mouse,0
7205,Cow,0
7205,Elk,0
7205,Flying squirrel,0
7205,Ground squirrel,0
7205,Meadow vole,0
7205,Moose,1
7205,Muskrat,0
7205,Pig,0
7205,Rabbit,0
7205,Red squirrel,0
7205,Red-backed vole,0
7205,Ruffed grouse,0
7205,Snowshoe hare,0
7205,Spruce grouse,0
7205,Wild turkey,0
7205,Wolf or Coyote,1
7206,Chipmunk,0
7206,European starling,0
7206,Deer,0
7206,Deer mouse,0
7206,Cow,0
7206,Elk,1
7206,Flying squirrel,0
7206,Ground squirrel,0
7206,Meadow vole,0
7206,Moose,0
7206,Muskrat,0
7206,Pig,0
7206,Rabbit,0
7206,Red squirrel,0
7206,Red-backed vole,0
7206,Ruffed grouse,0
7206,Snowshoe hare,0
7206,Spruce grouse,0
7206,Wild turkey,0
7206,Wolf or Coyote,1
7207,Chipmunk,0
7207,European starling,0
7207,Deer,0
7207,Deer mouse,0
7207,Cow,0
7207,Elk,0
7207,Flying squirrel,0
7207,Ground squirrel,0
7207,Meadow vole,0
7207,Moose,0
7207,Muskrat,0
7207,Pig,0
7207,Rabbit,0
7207,Red squirrel,1
7207,Red-backed vole,0
7207,Ruffed grouse,0
7207,Snowshoe hare,0
7207,Spruce grouse,0
7207,Wild turkey,0
7207,Wolf or Coyote,1
7208,Chipmunk,0
7208,European starling,0
7208,Deer,0
7208,Deer mouse,0
7208,Cow,0
7208,Elk,1
7208,Flying squirrel,0
7208,Ground squirrel,0
7208,Meadow vole,0
7208,Moose,0
7208,Muskrat,0
7208,Pig,0
7208,Rabbit,0
7208,Red squirrel,0
7208,Red-backed vole,0
7208,Ruffed grouse,0
7208,Snowshoe hare,0
7208,Spruce grouse,0
7208,Wild turkey,0
7208,Wolf or Coyote,1
7218,Chipmunk,0
7218,European starling,0
7218,Deer,1
7218,Deer mouse,0
7218,Cow,0
7218,Elk,0
7218,Flying squirrel,0
7218,Ground squirrel,0
7218,Meadow vole,0
7218,Moose,0
7218,Muskrat,0
7218,Pig,1
7218,Rabbit,0
7218,Red squirrel,0
7218,Red-backed vole,0
7218,Ruffed grouse,0
7218,Snowshoe hare,0
7218,Spruce grouse,0
7218,Wild turkey,0
7218,Wolf or Coyote,1
7220,Chipmunk,0
7220,European starling,0
7220,Deer,1
7220,Deer mouse,0
7220,Cow,0
7220,Elk,0
7220,Flying squirrel,0
7220,Ground squirrel,0
7220,Meadow vole,0
7220,Moose,0
7220,Muskrat,0
7220,Pig,0
7220,Rabbit,0
7220,Red squirrel,0
7220,Red-backed vole,0
7220,Ruffed grouse,0
7220,Snowshoe hare,0
7220,Spruce grouse,0
7220,Wild turkey,0
7220,Wolf or Coyote,1
8093,Chipmunk,0
8093,European starling,0
8093,Deer,0
8093,Deer mouse,0
8093,Cow,0
8093,Elk,0
8093,Flying squirrel,0
8093,Ground squirrel,0
8093,Meadow vole,0
8093,Moose,0
8093,Muskrat,0
8093,Pig,0
8093,Rabbit,0
8093,Red squirrel,0
8093,Red-backed vole,0
8093,Ruffed grouse,0
8093,Snowshoe hare,0
8093,Spruce grouse,0
8093,Wild turkey,1
8093,Wolf or Coyote,1
8103,Chipmunk,0
8103,European starling,0
8103,Deer,0
8103,Deer mouse,0
8103,Cow,0
8103,Elk,0
8103,Flying squirrel,0
8103,Ground squirrel,0
8103,Meadow vole,0
8103,Moose,1
8103,Muskrat,0
8103,Pig,0
8103,Rabbit,0
8103,Red squirrel,0
8103,Red-backed vole,0
8103,Ruffed grouse,0
8103,Snowshoe hare,1
8103,Spruce grouse,0
8103,Wild turkey,0
8103,Wolf or Coyote,1
8108,Chipmunk,0
8108,European starling,0
8108,Deer,0
8108,Deer mouse,0
8108,Cow,0
8108,Elk,0
8108,Flying squirrel,0
8108,Ground squirrel,0
8108,Meadow vole,0
8108,Moose,1
8108,Muskrat,0
8108,Pig,0
8108,Rabbit,0
8108,Red squirrel,0
8108,Red-backed vole,0
8108,Ruffed grouse,0
8108,Snowshoe hare,1
8108,Spruce grouse,0
8108,Wild turkey,0
8108,Wolf or Coyote,1
8109,Chipmunk,0
8109,European starling,0
8109,Deer,0
8109,Deer mouse,0
8109,Cow,0
8109,Elk,0
8109,Flying squirrel,0
8109,Ground squirrel,0
8109,Meadow vole,0
8109,Moose,0
8109,Muskrat,0
8109,Pig,0
8109,Rabbit,0
8109,Red squirrel,0
8109,Red-backed vole,0
8109,Ruffed grouse,0
8109,Snowshoe hare,1
8109,Spruce grouse,0
8109,Wild turkey,0
8109,Wolf or Coyote,1
8113,Chipmunk,0
8113,European starling,0
8113,Deer,0
8113,Deer mouse,0
8113,Cow,0
8113,Elk,0
8113,Flying squirrel,0
8113,Ground squirrel,0
8113,Meadow vole,0
8113,Moose,1
8113,Muskrat,0
8113,Pig,0
8113,Rabbit,0
8113,Red squirrel,0
8113,Red-backed vole,0
8113,Ruffed grouse,0
8113,Snowshoe hare,1
8113,Spruce grouse,0
8113,Wild turkey,0
8113,Wolf or Coyote,1
8114,Chipmunk,0
8114,European starling,0
8114,Deer,0
8114,Deer mouse,0
8114,Cow,0
8114,Elk,0
8114,Flying squirrel,0
8114,Ground squirrel,0
8114,Meadow vole,0
8114,Moose,1
8114,Muskrat,0
8114,Pig,0
8114,Rabbit,0
8114,Red squirrel,0
8114,Red-backed vole,0
8114,Ruffed grouse,0
8114,Snowshoe hare,0
8114,Spruce grouse,0
8114,Wild turkey,0
8114,Wolf or Coyote,1
8115,Chipmunk,0
8115,European starling,0
8115,Deer,0
8115,Deer mouse,0
8115,Cow,0
8115,Elk,0
8115,Flying squirrel,0
8115,Ground squirrel,0
8115,Meadow vole,0
8115,Moose,1
8115,Muskrat,0
8115,Pig,0
8115,Rabbit,0
8115,Red squirrel,0
8115,Red-backed vole,0
8115,Ruffed grouse,0
8115,Snowshoe hare,0
8115,Spruce grouse,0
8115,Wild turkey,0
8115,Wolf or Coyote,1
8116,Chipmunk,0
8116,European starling,0
8116,Deer,0
8116,Deer mouse,0
8116,Cow,0
8116,Elk,0
8116,Flying squirrel,0
8116,Ground squirrel,0
8116,Meadow vole,0
8116,Moose,1
8116,Muskrat,0
8116,Pig,0
8116,Rabbit,0
8116,Red squirrel,0
8116,Red-backed vole,0
8116,Ruffed grouse,0
8116,Snowshoe hare,0
8116,Spruce grouse,0
8116,Wild turkey,0
8116,Wolf or Coyote,1
8117,Chipmunk,0
8117,European starling,0
8117,Deer,0
8117,Deer mouse,0
8117,Cow,0
8117,Elk,0
8117,Flying squirrel,0
8117,Ground squirrel,0
8117,Meadow vole,0
8117,Moose,1
8117,Muskrat,0
8117,Pig,0
8117,Rabbit,0
8117,Red squirrel,0
8117,Red-backed vole,0
8117,Ruffed grouse,0
8117,Snowshoe hare,0
8117,Spruce grouse,0
8117,Wild turkey,0
8117,Wolf or Coyote,1
8118,Chipmunk,0
8118,European starling,0
8118,Deer,0
8118,Deer mouse,0
8118,Cow,0
8118,Elk,0
8118,Flying squirrel,0
8118,Ground squirrel,0
8118,Meadow vole,0
8118,Moose,1
8118,Muskrat,0
8118,Pig,0
8118,Rabbit,0
8118,Red squirrel,0
8118,Red-backed vole,0
8118,Ruffed grouse,0
8118,Snowshoe hare,0
8118,Spruce grouse,0
8118,Wild turkey,0
8118,Wolf or Coyote,1
8120,Chipmunk,0
8120,European starling,0
8120,Deer,0
8120,Deer mouse,0
8120,Cow,0
8120,Elk,0
8120,Flying squirrel,0
8120,Ground squirrel,0
8120,Meadow vole,0
8120,Moose,1
8120,Muskrat,0
8120,Pig,0
8120,Rabbit,0
8120,Red squirrel,0
8120,Red-backed vole,0
8120,Ruffed grouse,0
8120,Snowshoe hare,0
8120,Spruce grouse,0
8120,Wild turkey,0
8120,Wolf or Coyote,1
8122,Chipmunk,0
8122,European starling,0
8122,Deer,1
8122,Deer mouse,0
8122,Cow,0
8122,Elk,0
8122,Flying squirrel,0
8122,Ground squirrel,0
8122,Meadow vole,0
8122,Moose,0
8122,Muskrat,0
8122,Pig,0
8122,Rabbit,0
8122,Red squirrel,0
8122,Red-backed vole,0
8122,Ruffed grouse,0
8122,Snowshoe hare,0
8122,Spruce grouse,0
8122,Wild turkey,0
8122,Wolf or Coyote,1
8123,Chipmunk,0
8123,European starling,0
8123,Deer,0
8123,Deer mouse,0
8123,Cow,0
8123,Elk,0
8123,Flying squirrel,0
8123,Ground squirrel,0
8123,Meadow vole,0
8123,Moose,0
8123,Muskrat,0
8123,Pig,0
8123,Rabbit,0
8123,Red squirrel,0
8123,Red-backed vole,0
8123,Ruffed grouse,1
8123,Snowshoe hare,1
8123,Spruce grouse,0
8123,Wild turkey,0
8123,Wolf or Coyote,1
9084,Chipmunk,1
9084,European starling,0
9084,Deer,0
9084,Deer mouse,0
9084,Cow,0
9084,Elk,0
9084,Flying squirrel,0
9084,Ground squirrel,0
9084,Meadow vole,0
9084,Moose,0
9084,Muskrat,1
9084,Pig,0
9084,Rabbit,0
9084,Red squirrel,0
9084,Red-backed vole,1
9084,Ruffed grouse,0
9084,Snowshoe hare,0
9084,Spruce grouse,0
9084,Wild turkey,0
9084,Wolf or Coyote,1
9106,Chipmunk,0
9106,European starling,0
9106,Deer,0
9106,Deer mouse,0
9106,Cow,1
9106,Elk,0
9106,Flying squirrel,0
9106,Ground squirrel,0
9106,Meadow vole,0
9106,Moose,0
9106,Muskrat,0
9106,Pig,0
9106,Rabbit,0
9106,Red squirrel,0
9106,Red-backed vole,0
9106,Ruffed grouse,0
9106,Snowshoe hare,0
9106,Spruce grouse,0
9106,Wild turkey,0
9106,Wolf or Coyote,1
9107,Chipmunk,0
9107,European starling,0
9107,Deer,1
9107,Deer mouse,0
9107,Cow,1
9107,Elk,0
9107,Flying squirrel,0
9107,Ground squirrel,0
9107,Meadow vole,0
9107,Moose,1
9107,Muskrat,0
9107,Pig,0
9107,Rabbit,0
9107,Red squirrel,0
9107,Red-backed vole,0
9107,Ruffed grouse,0
9107,Snowshoe hare,0
9107,Spruce grouse,0
9107,Wild turkey,0
9107,Wolf or Coyote,1
9108,Chipmunk,0
9108,European starling,0
9108,Deer,0
9108,Deer mouse,0
9108,Cow,0
9108,Elk,0
9108,Flying squirrel,0
9108,Ground squirrel,0
9108,Meadow vole,0
9108,Moose,1
9108,Muskrat,0
9108,Pig,0
9108,Rabbit,0
9108,Red squirrel,0
9108,Red-backed vole,0
9108,Ruffed grouse,0
9108,Snowshoe hare,1
9108,Spruce grouse,0
9108,Wild turkey,0
9108,Wolf or Coyote,1
9109,Chipmunk,0
9109,European starling,0
9109,Deer,0
9109,Deer mouse,0
9109,Cow,0
9109,Elk,1
9109,Flying squirrel,0
9109,Ground squirrel,0
9109,Meadow vole,0
9109,Moose,1
9109,Muskrat,0
9109,Pig,0
9109,Rabbit,0
9109,Red squirrel,0
9109,Red-backed vole,0
9109,Ruffed grouse,0
9109,Snowshoe hare,1
9109,Spruce grouse,0
9109,Wild turkey,0
9109,Wolf or Coyote,1
9111,Chipmunk,0
9111,European starling,0
9111,Deer,0
9111,Deer mouse,0
9111,Cow,0
9111,Elk,0
9111,Flying squirrel,0
9111,Ground squirrel,0
9111,Meadow vole,0
9111,Moose,1
9111,Muskrat,0
9111,Pig,0
9111,Rabbit,0
9111,Red squirrel,0
9111,Red-backed vole,0
9111,Ruffed grouse,0
9111,Snowshoe hare,0
9111,Spruce grouse,0
9111,Wild turkey,0
9111,Wolf or Coyote,1
9112,Chipmunk,0
9112,European starling,0
9112,Deer,0
9112,Deer mouse,1
9112,Cow,0
9112,Elk,0
9112,Flying squirrel,1
9112,Ground squirrel,0
9112,Meadow vole,0
9112,Moose,0
9112,Muskrat,0
9112,Pig,0
9112,Rabbit,0
9112,Red squirrel,0
9112,Red-backed vole,0
9112,Ruffed grouse,0
9112,Snowshoe hare,1
9112,Spruce grouse,0
9112,Wild turkey,0
9112,Wolf or Coyote,1
9113,Chipmunk,0
9113,European starling,0
9113,Deer,1
9113,Deer mouse,0
9113,Cow,1
9113,Elk,0
9113,Flying squirrel,0
9113,Ground squirrel,0
9113,Meadow vole,1
9113,Moose,0
9113,Muskrat,0
9113,Pig,0
9113,Rabbit,0
9113,Red squirrel,1
9113,Red-backed vole,0
9113,Ruffed grouse,1
9113,Snowshoe hare,0
9113,Spruce grouse,0
9113,Wild turkey,0
9113,Wolf or Coyote,1
9183,Chipmunk,0
9183,European starling,0
9183,Deer,1
9183,Deer mouse,0
9183,Cow,1
9183,Elk,0
9183,Flying squirrel,0
9183,Ground squirrel,0
9183,Meadow vole,0
9183,Moose,0
9183,Muskrat,0
9183,Pig,0
9183,Rabbit,0
9183,Red squirrel,0
9183,Red-backed vole,0
9183,Ruffed grouse,0
9183,Snowshoe hare,0
9183,Spruce grouse,0
9183,Wild turkey,1
9183,Wolf or Coyote,1
9202,Chipmunk,0
9202,European starling,0
9202,Deer,1
9202,Deer mouse,0
9202,Cow,0
9202,Elk,1
9202,Flying squirrel,0
9202,Ground squirrel,0
9202,Meadow vole,0
9202,Moose,0
9202,Muskrat,0
9202,Pig,0
9202,Rabbit,0
9202,Red squirrel,0
9202,Red-backed vole,0
9202,Ruffed grouse,0
9202,Snowshoe hare,0
9202,Spruce grouse,0
9202,Wild turkey,1
9202,Wolf or Coyote,1
163033,Chipmunk,0
163033,European starling,0
163033,Deer,1
163033,Deer mouse,0
163033,Cow,0
163033,Elk,0
163033,Flying squirrel,0
163033,Ground squirrel,0
163033,Meadow vole,0
163033,Moose,0
163033,Muskrat,0
163033,Pig,0
163033,Rabbit,0
163033,Red squirrel,0
163033,Red-backed vole,0
163033,Ruffed grouse,0
163033,Snowshoe hare,0
163033,Spruce grouse,0
163033,Wild turkey,0
163033,Wolf or Coyote,1
163036,Chipmunk,0
163036,European starling,0
163036,Deer,0
163036,Deer mouse,0
163036,Cow,0
163036,Elk,0
163036,Flying squirrel,0
163036,Ground squirrel,0
163036,Meadow vole,0
163036,Moose,1
163036,Muskrat,1
163036,Pig,0
163036,Rabbit,0
163036,Red squirrel,0
163036,Red-backed vole,0
163036,Ruffed grouse,0
163036,Snowshoe hare,0
163036,Spruce grouse,0
163036,Wild turkey,0
163036,Wolf or Coyote,1
163038,Chipmunk,0
163038,European starling,0
163038,Deer,0
163038,Deer mouse,0
163038,Cow,0
163038,Elk,0
163038,Flying squirrel,0
163038,Ground squirrel,0
163038,Meadow vole,0
163038,Moose,0
163038,Muskrat,0
163038,Pig,0
163038,Rabbit,0
163038,Red squirrel,0
163038,Red-backed vole,0
163038,Ruffed grouse,0
163038,Snowshoe hare,1
163038,Spruce grouse,0
163038,Wild turkey,0
163038,Wolf or Coyote,1
163043,Chipmunk,0
163043,European starling,0
163043,Deer,0
163043,Deer mouse,0
163043,Cow,0
163043,Elk,0
163043,Flying squirrel,0
163043,Ground squirrel,0
163043,Meadow vole,0
163043,Moose,0
163043,Muskrat,0
163043,Pig,0
163043,Rabbit,0
163043,Red squirrel,0
163043,Red-backed vole,0
163043,Ruffed grouse,0
163043,Snowshoe hare,0
163043,Spruce grouse,0
163043,Wild turkey,0
163043,Wolf or Coyote,1
163044,Chipmunk,0
163044,European starling,0
163044,Deer,0
163044,Deer mouse,1
163044,Cow,0
163044,Elk,0
163044,Flying squirrel,0
163044,Ground squirrel,0
163044,Meadow vole,1
163044,Moose,0
163044,Muskrat,0
163044,Pig,0
163044,Rabbit,0
163044,Red squirrel,0
163044,Red-backed vole,0
163044,Ruffed grouse,0
163044,Snowshoe hare,1
163044,Spruce grouse,0
163044,Wild turkey,0
163044,Wolf or Coyote,1
163047,Chipmunk,0
163047,European starling,0
163047,Deer,1
163047,Deer mouse,1
163047,Cow,0
163047,Elk,0
163047,Flying squirrel,0
163047,Ground squirrel,0
163047,Meadow vole,0
163047,Moose,0
163047,Muskrat,0
163047,Pig,0
163047,Rabbit,0
163047,Red squirrel,0
163047,Red-backed vole,0
163047,Ruffed grouse,0
163047,Snowshoe hare,0
163047,Spruce grouse,0
163047,Wild turkey,0
163047,Wolf or Coyote,1
163048,Chipmunk,0
163048,European starling,0
163048,Deer,0
163048,Deer mouse,1
163048,Cow,0
163048,Elk,0
163048,Flying squirrel,0
163048,Ground squirrel,0
163048,Meadow vole,0
163048,Moose,0
163048,Muskrat,0
163048,Pig,0
163048,Rabbit,0
163048,Red squirrel,0
163048,Red-backed vole,0
163048,Ruffed grouse,0
163048,Snowshoe hare,1
163048,Spruce grouse,0
163048,Wild turkey,0
163048,Wolf or Coyote,1
163056,Chipmunk,0
163056,European starling,0
163056,Deer,0
163056,Deer mouse,0
163056,Cow,0
163056,Elk,0
163056,Flying squirrel,0
163056,Ground squirrel,0
163056,Meadow vole,0
163056,Moose,1
163056,Muskrat,0
163056,Pig,0
163056,Rabbit,0
163056,Red squirrel,0
163056,Red-backed vole,0
163056,Ruffed grouse,0
163056,Snowshoe hare,0
163056,Spruce grouse,0
163056,Wild turkey,0
163056,Wolf or Coyote,1
163076,Chipmunk,0
163076,European starling,0
163076,Deer,0
163076,Deer mouse,0
163076,Cow,0
163076,Elk,0
163076,Flying squirrel,0
163076,Ground squirrel,0
163076,Meadow vole,0
163076,Moose,0
163076,Muskrat,0
163076,Pig,0
163076,Rabbit,0
163076,Red squirrel,0
163076,Red-backed vole,0
163076,Ruffed grouse,1
163076,Snowshoe hare,1
163076,Spruce grouse,0
163076,Wild turkey,0
163076,Wolf or Coyote,1
163634,Chipmunk,0
163634,European starling,0
163634,Deer,0
163634,Deer mouse,0
163634,Cow,0
163634,Elk,0
163634,Flying squirrel,0
163634,Ground squirrel,0
163634,Meadow vole,0
163634,Moose,0
163634,Muskrat,0
163634,Pig,0
163634,Rabbit,0
163634,Red squirrel,1
163634,Red-backed vole,0
163634,Ruffed grouse,0
163634,Snowshoe hare,1
163634,Spruce grouse,0
163634,Wild turkey,0
163634,Wolf or Coyote,1
163638,Chipmunk,0
163638,European starling,0
163638,Deer,0
163638,Deer mouse,0
163638,Cow,0
163638,Elk,0
163638,Flying squirrel,0
163638,Ground squirrel,0
163638,Meadow vole,0
163638,Moose,0
163638,Muskrat,0
163638,Pig,0
163638,Rabbit,0
163638,Red squirrel,0
163638,Red-backed vole,0
163638,Ruffed grouse,1
163638,Snowshoe hare,1
163638,Spruce grouse,0
163638,Wild turkey,0
163638,Wolf or Coyote,1
163641,Chipmunk,0
163641,European starling,0
163641,Deer,0
163641,Deer mouse,0
163641,Cow,0
163641,Elk,0
163641,Flying squirrel,0
163641,Ground squirrel,0
163641,Meadow vole,0
163641,Moose,0
163641,Muskrat,0
163641,Pig,0
163641,Rabbit,0
163641,Red squirrel,0
163641,Red-backed vole,0
163641,Ruffed grouse,0
163641,Snowshoe hare,1
163641,Spruce grouse,0
163641,Wild turkey,0
163641,Wolf or Coyote,1
164000,Chipmunk,0
164000,European starling,0
164000,Deer,1
164000,Deer mouse,0
164000,Cow,0
164000,Elk,0
164000,Flying squirrel,0
164000,Ground squirrel,0
164000,Meadow vole,0
164000,Moose,0
164000,Muskrat,0
164000,Pig,0
164000,Rabbit,0
164000,Red squirrel,0
164000,Red-backed vole,0
164000,Ruffed grouse,0
164000,Snowshoe hare,1
164000,Spruce grouse,0
164000,Wild turkey,0
164000,Wolf or Coyote,1
164004,Chipmunk,0
164004,European starling,0
164004,Deer,1
164004,Deer mouse,0
164004,Cow,0
164004,Elk,0
164004,Flying squirrel,0
164004,Ground squirrel,0
164004,Meadow vole,0
164004,Moose,0
164004,Muskrat,0
164004,Pig,0
164004,Rabbit,0
164004,Red squirrel,0
164004,Red-backed vole,0
164004,Ruffed grouse,0
164004,Snowshoe hare,1
164004,Spruce grouse,0
164004,Wild turkey,0
164004,Wolf or Coyote,1
164005,Chipmunk,0
164005,European starling,0
164005,Deer,1
164005,Deer mouse,0
164005,Cow,0
164005,Elk,0
164005,Flying squirrel,0
164005,Ground squirrel,0
164005,Meadow vole,0
164005,Moose,0
164005,Muskrat,0
164005,Pig,0
164005,Rabbit,0
164005,Red squirrel,0
164005,Red-backed vole,0
164005,Ruffed grouse,0
164005,Snowshoe hare,1
164005,Spruce grouse,0
164005,Wild turkey,0
164005,Wolf or Coyote,1
164007,Chipmunk,0
164007,European starling,0
164007,Deer,1
164007,Deer mouse,0
164007,Cow,1
164007,Elk,0
164007,Flying squirrel,0
164007,Ground squirrel,0
164007,Meadow vole,0
164007,Moose,0
164007,Muskrat,0
164007,Pig,0
164007,Rabbit,0
164007,Red squirrel,0
164007,Red-backed vole,0
164007,Ruffed grouse,0
164007,Snowshoe hare,0
164007,Spruce grouse,0
164007,Wild turkey,0
164007,Wolf or Coyote,1
164008,Chipmunk,0
164008,European starling,0
164008,Deer,0
164008,Deer mouse,0
164008,Cow,0
164008,Elk,0
164008,Flying squirrel,0
164008,Ground squirrel,0
164008,Meadow vole,0
164008,Moose,0
164008,Muskrat,0
164008,Pig,0
164008,Rabbit,0
164008,Red squirrel,0
164008,Red-backed vole,0
164008,Ruffed grouse,0
164008,Snowshoe hare,0
164008,Spruce grouse,0
164008,Wild turkey,0
164008,Wolf or Coyote,1
164010,Chipmunk,0
164010,European starling,0
164010,Deer,1
164010,Deer mouse,0
164010,Cow,1
164010,Elk,0
164010,Flying squirrel,0
164010,Ground squirrel,0
164010,Meadow vole,0
164010,Moose,1
164010,Muskrat,0
164010,Pig,0
164010,Rabbit,0
164010,Red squirrel,0
164010,Red-backed vole,0
164010,Ruffed grouse,0
164010,Snowshoe hare,0
164010,Spruce grouse,0
164010,Wild turkey,0
164010,Wolf or Coyote,1
164011,Chipmunk,0
164011,European starling,0
164011,Deer,1
164011,Deer mouse,0
164011,Cow,0
164011,Elk,0
164011,Flying squirrel,0
164011,Ground squirrel,0
164011,Meadow vole,0
164011,Moose,0
164011,Muskrat,0
164011,Pig,0
164011,Rabbit,0
164011,Red squirrel,0
164011,Red-backed vole,0
164011,Ruffed grouse,0
164011,Snowshoe hare,0
164011,Spruce grouse,0
164011,Wild turkey,0
164011,Wolf or Coyote,1
164077,Chipmunk,0
164077,European starling,0
164077,Deer,1
164077,Deer mouse,0
164077,Cow,1
164077,Elk,0
164077,Flying squirrel,0
164077,Ground squirrel,0
164077,Meadow vole,0
164077,Moose,1
164077,Muskrat,0
164077,Pig,0
164077,Rabbit,0
164077,Red squirrel,0
164077,Red-backed vole,0
164077,Ruffed grouse,0
164077,Snowshoe hare,0
164077,Spruce grouse,0
164077,Wild turkey,0
164077,Wolf or Coyote,1
164079,Chipmunk,0
164079,European starling,0
164079,Deer,0
164079,Deer mouse,0
164079,Cow,0
164079,Elk,0
164079,Flying squirrel,0
164079,Ground squirrel,0
164079,Meadow vole,0
164079,Moose,0
164079,Muskrat,0
164079,Pig,0
164079,Rabbit,0
164079,Red squirrel,0
164079,Red-backed vole,0
164079,Ruffed grouse,0
164079,Snowshoe hare,0
164079,Spruce grouse,0
164079,Wild turkey,0
164079,Wolf or Coyote,1
164086,Chipmunk,0
164086,European starling,0
164086,Deer,0
164086,Deer mouse,0
164086,Cow,0
164086,Elk,0
164086,Flying squirrel,0
164086,Ground squirrel,0
164086,Meadow vole,0
164086,Moose,1
164086,Muskrat,0
164086,Pig,0
164086,Rabbit,0
164086,Red squirrel,0
164086,Red-backed vole,0
164086,Ruffed grouse,0
164086,Snowshoe hare,0
164086,Spruce grouse,0
164086,Wild turkey,0
164086,Wolf or Coyote,1
164087,Chipmunk,0
164087,European starling,0
164087,Deer,0
164087,Deer mouse,0
164087,Cow,0
164087,Elk,0
164087,Flying squirrel,0
164087,Ground squirrel,0
164087,Meadow vole,0
164087,Moose,0
164087,Muskrat,0
164087,Pig,0
164087,Rabbit,0
164087,Red squirrel,0
164087,Red-backed vole,0
164087,Ruffed grouse,0
164087,Snowshoe hare,0
164087,Spruce grouse,0
164087,Wild turkey,0
164087,Wolf or Coyote,1
164088,Chipmunk,0
164088,European starling,0
164088,Deer,1
164088,Deer mouse,0
164088,Cow,0
164088,Elk,1
164088,Flying squirrel,0
164088,Ground squirrel,0
164088,Meadow vole,0
164088,Moose,0
164088,Muskrat,0
164088,Pig,0
164088,Rabbit,1
164088,Red squirrel,0
164088,Red-backed vole,0
164088,Ruffed grouse,0
164088,Snowshoe hare,0
164088,Spruce grouse,0
164088,Wild turkey,0
164088,Wolf or Coyote,1
164189,Chipmunk,0
164189,European starling,0
164189,Deer,1
164189,Deer mouse,0
164189,Cow,0
164189,Elk,0
164189,Flying squirrel,0
164189,Ground squirrel,0
164189,Meadow vole,0
164189,Moose,0
164189,Muskrat,0
164189,Pig,0
164189,Rabbit,0
164189,Red squirrel,0
164189,Red-backed vole,0
164189,Ruffed grouse,0
164189,Snowshoe hare,0
164189,Spruce grouse,0
164189,Wild turkey,0
164189,Wolf or Coyote,1
164263,Chipmunk,0
164263,European starling,0
164263,Deer,1
164263,Deer mouse,0
164263,Cow,0
164263,Elk,0
164263,Flying squirrel,0
164263,Ground squirrel,0
164263,Meadow vole,0
164263,Moose,0
164263,Muskrat,0
164263,Pig,0
164263,Rabbit,1
164263,Red squirrel,0
164263,Red-backed vole,0
164263,Ruffed grouse,0
164263,Snowshoe hare,0
164263,Spruce grouse,0
164263,Wild turkey,0
164263,Wolf or Coyote,1
164576,Chipmunk,0
164576,European starling,0
164576,Deer,0
164576,Deer mouse,0
164576,Cow,0
164576,Elk,0
164576,Flying squirrel,0
164576,Ground squirrel,0
164576,Meadow vole,0
164576,Moose,0
164576,Muskrat,0
164576,Pig,0
164576,Rabbit,0
164576,Red squirrel,0
164576,Red-backed vole,0
164576,Ruffed grouse,0
164576,Snowshoe hare,0
164576,Spruce grouse,0
164576,Wild turkey,0
164576,Wolf or Coyote,1
164577,Chipmunk,0
164577,European starling,0
164577,Deer,1
164577,Deer mouse,1
164577,Cow,0
164577,Elk,0
164577,Flying squirrel,0
164577,Ground squirrel,0
164577,Meadow vole,0
164577,Moose,1
164577,Muskrat,0
164577,Pig,0
164577,Rabbit,0
164577,Red squirrel,0
164577,Red-backed vole,0
164577,Ruffed grouse,0
164577,Snowshoe hare,0
164577,Spruce grouse,0
164577,Wild turkey,0
164577,Wolf or Coyote,1
164579,Chipmunk,0
164579,European starling,0
164579,Deer,1
164579,Deer mouse,0
164579,Cow,0
164579,Elk,0
164579,Flying squirrel,0
164579,Ground squirrel,0
164579,Meadow vole,0
164579,Moose,0
164579,Muskrat,0
164579,Pig,0
164579,Rabbit,0
164579,Red squirrel,0
164579,Red-backed vole,0
164579,Ruffed grouse,0
164579,Snowshoe hare,0
164579,Spruce grouse,0
164579,Wild turkey,0
164579,Wolf or Coyote,1
164580,Chipmunk,0
164580,European starling,0
164580,Deer,0
164580,Deer mouse,1
164580,Cow,0
164580,Elk,0
164580,Flying squirrel,0
164580,Ground squirrel,0
164580,Meadow vole,0
164580,Moose,0
164580,Muskrat,0
164580,Pig,0
164580,Rabbit,0
164580,Red squirrel,0
164580,Red-backed vole,0
164580,Ruffed grouse,0
164580,Snowshoe hare,1
164580,Spruce grouse,0
164580,Wild turkey,0
164580,Wolf or Coyote,1
164584,Chipmunk,0
164584,European starling,0
164584,Deer,0
164584,Deer mouse,1
164584,Cow,0
164584,Elk,0
164584,Flying squirrel,0
164584,Ground squirrel,0
164584,Meadow vole,0
164584,Moose,0
164584,Muskrat,0
164584,Pig,0
164584,Rabbit,0
164584,Red squirrel,0
164584,Red-backed vole,0
164584,Ruffed grouse,1
164584,Snowshoe hare,1
164584,Spruce grouse,0
164584,Wild turkey,0
164584,Wolf or Coyote,1
164743,Chipmunk,0
164743,European starling,0
164743,Deer,1
164743,Deer mouse,0
164743,Cow,0
164743,Elk,0
164743,Flying squirrel,0
164743,Ground squirrel,0
164743,Meadow vole,0
164743,Moose,0
164743,Muskrat,0
164743,Pig,0
164743,Rabbit,0
164743,Red squirrel,0
164743,Red-backed vole,0
164743,Ruffed grouse,0
164743,Snowshoe hare,0
164743,Spruce grouse,0
164743,Wild turkey,0
164743,Wolf or Coyote,1
164748,Chipmunk,0
164748,European starling,0
164748,Deer,1
164748,Deer mouse,0
164748,Cow,0
164748,Elk,0
164748,Flying squirrel,0
164748,Ground squirrel,0
164748,Meadow vole,0
164748,Moose,1
164748,Muskrat,0
164748,Pig,0
164748,Rabbit,0
164748,Red squirrel,0
164748,Red-backed vole,0
164748,Ruffed grouse,0
164748,Snowshoe hare,0
164748,Spruce grouse,0
164748,Wild turkey,0
164748,Wolf or Coyote,1
164749,Chipmunk,0
164749,European starling,0
164749,Deer,1
164749,Deer mouse,0
164749,Cow,0
164749,Elk,0
164749,Flying squirrel,0
164749,Ground squirrel,0
164749,Meadow vole,0
164749,Moose,1
164749,Muskrat,0
164749,Pig,0
164749,Rabbit,0
164749,Red squirrel,0
164749,Red-backed vole,0
164749,Ruffed grouse,0
164749,Snowshoe hare,0
164749,Spruce grouse,0
164749,Wild turkey,0
164749,Wolf or Coyote,1
170043,Chipmunk,0
170043,European starling,0
170043,Deer,0
170043,Deer mouse,0
170043,Cow,0
170043,Elk,1
170043,Flying squirrel,0
170043,Ground squirrel,0
170043,Meadow vole,0
170043,Moose,0
170043,Muskrat,0
170043,Pig,0
170043,Rabbit,0
170043,Red squirrel,0
170043,Red-backed vole,0
170043,Ruffed grouse,0
170043,Snowshoe hare,0
170043,Spruce grouse,1
170043,Wild turkey,0
170043,Wolf or Coyote,1
170055,Chipmunk,0
170055,European starling,0
170055,Deer,1
170055,Deer mouse,0
170055,Cow,0
170055,Elk,0
170055,Flying squirrel,0
170055,Ground squirrel,0
170055,Meadow vole,0
170055,Moose,0
170055,Muskrat,0
170055,Pig,0
170055,Rabbit,0
170055,Red squirrel,0
170055,Red-backed vole,0
170055,Ruffed grouse,0
170055,Snowshoe hare,1
170055,Spruce grouse,0
170055,Wild turkey,0
170055,Wolf or Coyote,1
170091,Chipmunk,0
170091,European starling,0
170091,Deer,1
170091,Deer mouse,0
170091,Cow,0
170091,Elk,0
170091,Flying squirrel,0
170091,Ground squirrel,0
170091,Meadow vole,0
170091,Moose,0
170091,Muskrat,0
170091,Pig,0
170091,Rabbit,0
170091,Red squirrel,0
170091,Red-backed vole,0
170091,Ruffed grouse,0
170091,Snowshoe hare,0
170091,Spruce grouse,0
170091,Wild turkey,0
170091,Wolf or Coyote,1
170092,Chipmunk,0
170092,European starling,0
170092,Deer,1
170092,Deer mouse,0
170092,Cow,0
170092,Elk,0
170092,Flying squirrel,0
170092,Ground squirrel,0
170092,Meadow vole,0
170092,Moose,0
170092,Muskrat,0
170092,Pig,0
170092,Rabbit,0
170092,Red squirrel,0
170092,Red-backed vole,0
170092,Ruffed grouse,0
170092,Snowshoe hare,0
170092,Spruce grouse,0
170092,Wild turkey,0
170092,Wolf or Coyote,1
170521,Chipmunk,0
170521,European starling,0
170521,Deer,1
170521,Deer mouse,0
170521,Cow,0
170521,Elk,1
170521,Flying squirrel,0
170521,Ground squirrel,0
170521,Meadow vole,0
170521,Moose,0
170521,Muskrat,0
170521,Pig,0
170521,Rabbit,0
170521,Red squirrel,0
170521,Red-backed vole,0
170521,Ruffed grouse,0
170521,Snowshoe hare,0
170521,Spruce grouse,0
170521,Wild turkey,0
170521,Wolf or Coyote,1
170551,Chipmunk,0
170551,European starling,0
170551,Deer,0
170551,Deer mouse,0
170551,Cow,0
170551,Elk,0
170551,Flying squirrel,1
170551,Ground squirrel,0
170551,Meadow vole,0
170551,Moose,0
170551,Muskrat,0
170551,Pig,0
170551,Rabbit,0
170551,Red squirrel,0
170551,Red-backed vole,1
170551,Ruffed grouse,1
170551,Snowshoe hare,0
170551,Spruce grouse,0
170551,Wild turkey,0
170551,Wolf or Coyote,1
170552,Chipmunk,0
170552,European starling,0
170552,Deer,0
170552,Deer mouse,0
170552,Cow,0
170552,Elk,0
170552,Flying squirrel,0
170552,Ground squirrel,0
170552,Meadow vole,0
170552,Moose,0
170552,Muskrat,0
170552,Pig,0
170552,Rabbit,0
170552,Red squirrel,0
170552,Red-backed vole,0
170552,Ruffed grouse,0
170552,Snowshoe hare,1
170552,Spruce grouse,0
170552,Wild turkey,0
170552,Wolf or Coyote,1
170553,Chipmunk,0
170553,European starling,0
170553,Deer,0
170553,Deer mouse,0
170553,Cow,0
170553,Elk,0
170553,Flying squirrel,0
170553,Ground squirrel,0
170553,Meadow vole,0
170553,Moose,0
170553,Muskrat,0
170553,Pig,0
170553,Rabbit,0
170553,Red squirrel,0
170553,Red-backed vole,0
170553,Ruffed grouse,0
170553,Snowshoe hare,1
170553,Spruce grouse,0
170553,Wild turkey,0
170553,Wolf or Coyote,1
170555,Chipmunk,0
170555,European starling,0
170555,Deer,0
170555,Deer mouse,1
170555,Cow,0
170555,Elk,0
170555,Flying squirrel,0
170555,Ground squirrel,0
170555,Meadow vole,0
170555,Moose,0
170555,Muskrat,0
170555,Pig,0
170555,Rabbit,0
170555,Red squirrel,0
170555,Red-backed vole,0
170555,Ruffed grouse,0
170555,Snowshoe hare,1
170555,Spruce grouse,0
170555,Wild turkey,0
170555,Wolf or Coyote,1
170557,Chipmunk,0
170557,European starling,0
170557,Deer,1
170557,Deer mouse,0
170557,Cow,0
170557,Elk,0
170557,Flying squirrel,0
170557,Ground squirrel,0
170557,Meadow vole,0
170557,Moose,0
170557,Muskrat,0
170557,Pig,0
170557,Rabbit,0
170557,Red squirrel,0
170557,Red-backed vole,0
170557,Ruffed grouse,0
170557,Snowshoe hare,1
170557,Spruce grouse,0
170557,Wild turkey,0
170557,Wolf or Coyote,1
170558,Chipmunk,0
170558,European starling,0
170558,Deer,0
170558,Deer mouse,1
170558,Cow,0
170558,Elk,0
170558,Flying squirrel,0
170558,Ground squirrel,0
170558,Meadow vole,0
170558,Moose,0
170558,Muskrat,0
170558,Pig,0
170558,Rabbit,0
170558,Red squirrel,1
170558,Red-backed vole,0
170558,Ruffed grouse,1
170558,Snowshoe hare,1
170558,Spruce grouse,0
170558,Wild turkey,0
170558,Wolf or Coyote,1
170859,Chipmunk,0
170859,European starling,0
170859,Deer,1
170859,Deer mouse,0
170859,Cow,1
170859,Elk,0
170859,Flying squirrel,0
170859,Ground squirrel,0
170859,Meadow vole,0
170859,Moose,0
170859,Muskrat,0
170859,Pig,0
170859,Rabbit,0
170859,Red squirrel,0
170859,Red-backed vole,0
170859,Ruffed grouse,0
170859,Snowshoe hare,0
170859,Spruce grouse,0
170859,Wild turkey,0
170859,Wolf or Coyote,1
170969,Chipmunk,0
170969,European starling,0
170969,Deer,1
170969,Deer mouse,0
170969,Cow,0
170969,Elk,0
170969,Flying squirrel,0
170969,Ground squirrel,0
170969,Meadow vole,0
170969,Moose,0
170969,Muskrat,0
170969,Pig,0
170969,Rabbit,0
170969,Red squirrel,0
170969,Red-backed vole,0
170969,Ruffed grouse,0
170969,Snowshoe hare,1
170969,Spruce grouse,0
170969,Wild turkey,0
170969,Wolf or Coyote,1
170977,Chipmunk,0
170977,European starling,0
170977,Deer,1
170977,Deer mouse,0
170977,Cow,0
170977,Elk,0
170977,Flying squirrel,0
170977,Ground squirrel,0
170977,Meadow vole,0
170977,Moose,1
170977,Muskrat,0
170977,Pig,0
170977,Rabbit,0
170977,Red squirrel,0
170977,Red-backed vole,0
170977,Ruffed grouse,0
170977,Snowshoe hare,0
170977,Spruce grouse,0
170977,Wild turkey,0
170977,Wolf or Coyote,1
170979,Chipmunk,0
170979,European starling,0
170979,Deer,1
170979,Deer mouse,0
170979,Cow,0
170979,Elk,1
170979,Flying squirrel,0
170979,Ground squirrel,0
170979,Meadow vole,0
170979,Moose,0
170979,Muskrat,0
170979,Pig,0
170979,Rabbit,0
170979,Red squirrel,0
170979,Red-backed vole,0
170979,Ruffed grouse,0
170979,Snowshoe hare,0
170979,Spruce grouse,0
170979,Wild turkey,0
170979,Wolf or Coyote,1
170980,Chipmunk,0
170980,European starling,0
170980,Deer,0
170980,Deer mouse,0
170980,Cow,0
170980,Elk,0
170980,Flying squirrel,0
170980,Ground squirrel,0
170980,Meadow vole,0
170980,Moose,1
170980,Muskrat,0
170980,Pig,0
170980,Rabbit,0
170980,Red squirrel,0
170980,Red-backed vole,0
170980,Ruffed grouse,0
170980,Snowshoe hare,0
170980,Spruce grouse,0
170980,Wild turkey,0
170980,Wolf or Coyote,1
170981,Chipmunk,0
170981,European starling,0
170981,Deer,1
170981,Deer mouse,0
170981,Cow,0
170981,Elk,0
170981,Flying squirrel,0
170981,Ground squirrel,0
170981,Meadow vole,1
170981,Moose,0
170981,Muskrat,0
170981,Pig,0
170981,Rabbit,0
170981,Red squirrel,0
170981,Red-backed vole,0
170981,Ruffed grouse,0
170981,Snowshoe hare,1
170981,Spruce grouse,0
170981,Wild turkey,0
170981,Wolf or Coyote,1
170982,Chipmunk,0
170982,European starling,0
170982,Deer,1
170982,Deer mouse,0
170982,Cow,0
170982,Elk,0
170982,Flying squirrel,0
170982,Ground squirrel,0
170982,Meadow vole,0
170982,Moose,0
170982,Muskrat,0
170982,Pig,0
170982,Rabbit,0
170982,Red squirrel,0
170982,Red-backed vole,0
170982,Ruffed grouse,0
170982,Snowshoe hare,0
170982,Spruce grouse,0
170982,Wild turkey,0
170982,Wolf or Coyote,1
170983,Chipmunk,0
170983,European starling,0
170983,Deer,1
170983,Deer mouse,1
170983,Cow,0
170983,Elk,0
170983,Flying squirrel,0
170983,Ground squirrel,0
170983,Meadow vole,0
170983,Moose,0
170983,Muskrat,0
170983,Pig,0
170983,Rabbit,0
170983,Red squirrel,0
170983,Red-backed vole,0
170983,Ruffed grouse,0
170983,Snowshoe hare,0
170983,Spruce grouse,0
170983,Wild turkey,0
170983,Wolf or Coyote,1
170992,Chipmunk,0
170992,European starling,0
170992,Deer,0
170992,Deer mouse,0
170992,Cow,0
170992,Elk,0
170992,Flying squirrel,0
170992,Ground squirrel,0
170992,Meadow vole,0
170992,Moose,1
170992,Muskrat,0
170992,Pig,0
170992,Rabbit,0
170992,Red squirrel,0
170992,Red-backed vole,0
170992,Ruffed grouse,0
170992,Snowshoe hare,0
170992,Spruce grouse,0
170992,Wild turkey,0
170992,Wolf or Coyote,1
171330,Chipmunk,0
171330,European starling,0
171330,Deer,1
171330,Deer mouse,0
171330,Cow,0
171330,Elk,0
171330,Flying squirrel,0
171330,Ground squirrel,0
171330,Meadow vole,0
171330,Moose,0
171330,Muskrat,0
171330,Pig,0
171330,Rabbit,0
171330,Red squirrel,0
171330,Red-backed vole,0
171330,Ruffed grouse,0
171330,Snowshoe hare,0
171330,Spruce grouse,0
171330,Wild turkey,0
171330,Wolf or Coyote,1
171334,Chipmunk,0
171334,European starling,0
171334,Deer,0
171334,Deer mouse,0
171334,Cow,0
171334,Elk,0
171334,Flying squirrel,0
171334,Ground squirrel,0
171334,Meadow vole,0
171334,Moose,0
171334,Muskrat,0
171334,Pig,0
171334,Rabbit,0
171334,Red squirrel,0
171334,Red-backed vole,0
171334,Ruffed grouse,0
171334,Snowshoe hare,1
171334,Spruce grouse,0
171334,Wild turkey,0
171334,Wolf or Coyote,0
171348,Chipmunk,0
171348,European starling,0
171348,Deer,0
171348,Deer mouse,1
171348,Cow,0
171348,Elk,0
171348,Flying squirrel,0
171348,Ground squirrel,0
171348,Meadow vole,0
171348,Moose,0
171348,Muskrat,0
171348,Pig,0
171348,Rabbit,0
171348,Red squirrel,0
171348,Red-backed vole,0
171348,Ruffed grouse,0
171348,Snowshoe hare,1
171348,Spruce grouse,0
171348,Wild turkey,0
171348,Wolf or Coyote,1
171401,Chipmunk,0
171401,European starling,0
171401,Deer,0
171401,Deer mouse,0
171401,Cow,0
171401,Elk,0
171401,Flying squirrel,0
171401,Ground squirrel,0
171401,Meadow vole,0
171401,Moose,0
171401,Muskrat,0
171401,Pig,0
171401,Rabbit,0
171401,Red squirrel,0
171401,Red-backed vole,0
171401,Ruffed grouse,0
171401,Snowshoe hare,0
171401,Spruce grouse,0
171401,Wild turkey,0
171401,Wolf or Coyote,1
171407,Chipmunk,0
171407,European starling,0
171407,Deer,1
171407,Deer mouse,0
171407,Cow,0
171407,Elk,0
171407,Flying squirrel,0
171407,Ground squirrel,0
171407,Meadow vole,0
171407,Moose,1
171407,Muskrat,0
171407,Pig,0
171407,Rabbit,0
171407,Red squirrel,0
171407,Red-backed vole,0
171407,Ruffed grouse,0
171407,Snowshoe hare,0
171407,Spruce grouse,0
171407,Wild turkey,0
171407,Wolf or Coyote,1
171413,Chipmunk,0
171413,European starling,0
171413,Deer,0
171413,Deer mouse,0
171413,Cow,0
171413,Elk,0
171413,Flying squirrel,0
171413,Ground squirrel,0
171413,Meadow vole,1
171413,Moose,0
171413,Muskrat,0
171413,Pig,0
171413,Rabbit,0
171413,Red squirrel,0
171413,Red-backed vole,1
171413,Ruffed grouse,0
171413,Snowshoe hare,1
171413,Spruce grouse,0
171413,Wild turkey,0
171413,Wolf or Coyote,1
171414,Chipmunk,0
171414,European starling,0
171414,Deer,0
171414,Deer mouse,0
171414,Cow,0
171414,Elk,0
171414,Flying squirrel,0
171414,Ground squirrel,0
171414,Meadow vole,0
171414,Moose,1
171414,Muskrat,0
171414,Pig,0
171414,Rabbit,0
171414,Red squirrel,0
171414,Red-backed vole,0
171414,Ruffed grouse,0
171414,Snowshoe hare,0
171414,Spruce grouse,0
171414,Wild turkey,0
171414,Wolf or Coyote,1
171421,Chipmunk,0
171421,European starling,0
171421,Deer,1
171421,Deer mouse,0
171421,Cow,0
171421,Elk,0
171421,Flying squirrel,0
171421,Ground squirrel,0
171421,Meadow vole,0
171421,Moose,0
171421,Muskrat,0
171421,Pig,0
171421,Rabbit,0
171421,Red squirrel,0
171421,Red-backed vole,0
171421,Ruffed grouse,0
171421,Snowshoe hare,1
171421,Spruce grouse,0
171421,Wild turkey,0
171421,Wolf or Coyote,1
171425,Chipmunk,0
171425,European starling,0
171425,Deer,1
171425,Deer mouse,0
171425,Cow,0
171425,Elk,0
171425,Flying squirrel,0
171425,Ground squirrel,0
171425,Meadow vole,0
171425,Moose,0
171425,Muskrat,0
171425,Pig,0
171425,Rabbit,0
171425,Red squirrel,0
171425,Red-backed vole,0
171425,Ruffed grouse,0
171425,Snowshoe hare,1
171425,Spruce grouse,0
171425,Wild turkey,0
171425,Wolf or Coyote,1
171554,Chipmunk,0
171554,European starling,0
171554,Deer,0
171554,Deer mouse,0
171554,Cow,0
171554,Elk,1
171554,Flying squirrel,0
171554,Ground squirrel,1
171554,Meadow vole,1
171554,Moose,0
171554,Muskrat,0
171554,Pig,0
171554,Rabbit,0
171554,Red squirrel,0
171554,Red-backed vole,0
171554,Ruffed grouse,0
171554,Snowshoe hare,1
171554,Spruce grouse,0
171554,Wild turkey,0
171554,Wolf or Coyote,1
171913,Chipmunk,0
171913,European starling,0
171913,Deer,1
171913,Deer mouse,0
171913,Cow,0
171913,Elk,0
171913,Flying squirrel,0
171913,Ground squirrel,0
171913,Meadow vole,0
171913,Moose,1
171913,Muskrat,0
171913,Pig,0
171913,Rabbit,0
171913,Red squirrel,0
171913,Red-backed vole,0
171913,Ruffed grouse,0
171913,Snowshoe hare,0
171913,Spruce grouse,0
171913,Wild turkey,0
171913,Wolf or Coyote,1
172044,Chipmunk,0
172044,European starling,0
172044,Deer,0
172044,Deer mouse,0
172044,Cow,0
172044,Elk,0
172044,Flying squirrel,0
172044,Ground squirrel,0
172044,Meadow vole,0
172044,Moose,0
172044,Muskrat,0
172044,Pig,0
172044,Rabbit,0
172044,Red squirrel,1
172044,Red-backed vole,0
172044,Ruffed grouse,0
172044,Snowshoe hare,1
172044,Spruce grouse,0
172044,Wild turkey,0
172044,Wolf or Coyote,1
172047,Chipmunk,0
172047,European starling,0
172047,Deer,0
172047,Deer mouse,0
172047,Cow,0
172047,Elk,0
172047,Flying squirrel,0
172047,Ground squirrel,0
172047,Meadow vole,0
172047,Moose,1
172047,Muskrat,0
172047,Pig,0
172047,Rabbit,0
172047,Red squirrel,0
172047,Red-backed vole,0
172047,Ruffed grouse,1
172047,Snowshoe hare,1
172047,Spruce grouse,0
172047,Wild turkey,0
172047,Wolf or Coyote,1
172048,Chipmunk,0
172048,European starling,0
172048,Deer,0
172048,Deer mouse,0
172048,Cow,0
172048,Elk,0
172048,Flying squirrel,0
172048,Ground squirrel,0
172048,Meadow vole,0
172048,Moose,0
172048,Muskrat,0
172048,Pig,0
172048,Rabbit,0
172048,Red squirrel,0
172048,Red-backed vole,0
172048,Ruffed grouse,0
172048,Snowshoe hare,1
172048,Spruce grouse,0
172048,Wild turkey,0
172048,Wolf or Coyote,1
173038,Chipmunk,0
173038,European starling,0
173038,Deer,0
173038,Deer mouse,0
173038,Cow,0
173038,Elk,0
173038,Flying squirrel,0
173038,Ground squirrel,0
173038,Meadow vole,0
173038,Moose,1
173038,Muskrat,0
173038,Pig,0
173038,Rabbit,0
173038,Red squirrel,0
173038,Red-backed vole,0
173038,Ruffed grouse,0
173038,Snowshoe hare,0
173038,Spruce grouse,0
173038,Wild turkey,0
173038,Wolf or Coyote,1
173040,Chipmunk,0
173040,European starling,0
173040,Deer,0
173040,Deer mouse,0
173040,Cow,0
173040,Elk,0
173040,Flying squirrel,0
173040,Ground squirrel,0
173040,Meadow vole,0
173040,Moose,1
173040,Muskrat,0
173040,Pig,0
173040,Rabbit,0
173040,Red squirrel,0
173040,Red-backed vole,0
173040,Ruffed grouse,0
173040,Snowshoe hare,0
173040,Spruce grouse,0
173040,Wild turkey,0
173040,Wolf or Coyote,1
173041,Chipmunk,0
173041,European starling,0
173041,Deer,0
173041,Deer mouse,0
173041,Cow,0
173041,Elk,0
173041,Flying squirrel,0
173041,Ground squirrel,0
173041,Meadow vole,0
173041,Moose,1
173041,Muskrat,0
173041,Pig,0
173041,Rabbit,0
173041,Red squirrel,0
173041,Red-backed vole,0
173041,Ruffed grouse,0
173041,Snowshoe hare,0
173041,Spruce grouse,0
173041,Wild turkey,0
173041,Wolf or Coyote,1