query,sequence,best_hit,identity,taxonomy,scientific.name
M05712:22:000000000-C88B6:1:1101:11165:21934_CONS,ttagataccccactatgcttagccctaaacacagataattatatcaacaaaattattcgccagagtactaccggcaatagcctaaaactcaaaggacttggcggtgctttatacccttctagaggagcctgttcta,MK644928.1,99.265,Moose,Alces alces
M05712:22:000000000-C88B6:1:1101:12517:3752_CONS,ttagataccccactatgcttagccctaaacacaaataattatatcaacaaaattattcgccagagtactaccggcaatagcctaaaactcaaaggacttggcggtgctttatacccttctagaggagcctgttcta,MK644928.1,100,Moose,Alces alces
M05712:22:000000000-C88B6:1:1101:12565:8957_CONS,ttagataccccactatgcttagccctaaacataaatagttatataaacaaaactattcgccagagtactaccggcaatagcttaaaactcaaaggacttggcggtgctttatatccctctagaggagcctgttcta,KX381756.1,98.529,Deer,Odocoileus sp.
M05712:22:000000000-C88B6:1:1101:14491:3583_CONS,ttagataccccactatgcctagccttaaacacaaatagttatgtaaacaagactgttcgccagagtactaccggcaatagcttaaaactcaaaggacttggcggtgctttatacccctctagaggagcctgttcta,MT430939.1,99.265,Elk,Cervus canadensis
M05712:22:000000000-C88B6:1:1101:15417:3473_CONS,ttagataccccactatgcttagccctaaacacaaataattatatcaacaaaattattcgccagagtactaccgacaatagcctaaaactcaaaggacttggcggtgctttatacccttctagaggagcctgttcta,MK644928.1,99.265,Moose,Alces alces
M05712:22:000000000-C88B6:1:1101:15866:16857_CONS,ttagataccccactatgcctagccttaaacgcaaatagttatgtaaacaagactgttcgccagagtactaccggcaatagcttaaaactcaaaggacttggcggtgctttatacccttctagaggagcctgttcta,MT430939.1,99.265,Elk,Cervus canadensis
M05712:22:000000000-C88B6:1:1101:17414:5980_CONS,ttagataccccactatgcttagccctaaacttcaatatatataatacaaaacaaatatatttgcctgagaactactggccacagcttaaaactcaaaggacttggcggtactttatatccatctagaggagcctgttcta,MT084805.1,100,Muskrat,Ondatra zibethicus
M05712:22:000000000-C88B6:1:1101:17708:5410_CONS,ttagataccccactatgcttagccctaaacataaatagttatataaacaaaactattcgccagagtactaccggcaatagcttaaaactcaaaggacttggcggtgctttatacccttctagaggagcctgttcta,KX381756.1,100,Deer,Odocoileus sp.
M05712:22:000000000-C88B6:1:1101:17763:7464_CONS,ttagataccccactatgcctagccttaaacacgaatagttatgtaaacaagactgttcgccagagtactaccggcaatagcttaaaactcaaaggacttggcggtgctttatacccttctagaggagcctgttcta,MT430939.1,99.265,Elk,Cervus canadensis
M05712:22:000000000-C88B6:1:1101:18364:21029_CONS,ttagataccccactatgcttagccctaaacacaaacaattatatcaacaaaattattcgccagagtactaccggcaatagcctaaaactcaaaggacttggcggtgctttatacccttctagaggagcctgttcta,MK644928.1,99.265,Moose,Alces alces
M05712:22:000000000-C88B6:1:1101:18962:2292_CONS,ttagataccccactatgcctagccttaaacacaaatagttatgtaaacaagactgttcgccagagtactaccggcaatagcttaaaactcaaaggacttggcggtgctttatacccttctagaggagcctgttcta,MT430939.1,100,Elk,Cervus canadensis
M05712:22:000000000-C88B6:1:1101:19517:3183_CONS,ttagataccccactatgcttagccctaaacctagataattccagaacaaaattattcgccagagaactacaagccagagcttaaaactcaaaggacttggcggtgctttatacccgcctagaggagcctgttcta,KJ397613.1,100,Snowshoe hare,Lepus americanus
M05712:22:000000000-C88B6:1:1101:19540:12702_CONS,ttagataccccactatgcctagccttaaacacaaatagttatgtaaacaagactgttcgccagggtactaccggcaatagcttaaaactcaaaggacttggcggtgctttatacccttctagaggagcctgttcta,MT430939.1,99.265,Elk,Cervus canadensis
M05712:22:000000000-C88B6:1:1101:19960:12742_CONS,ttagatacccactatgcttagccctaaacacaaataattatatcaacaaaattattcgccagagtactaccggcaatagcctaaaactcaaaggacttggcggtgctttatacccttctagaggagcctgttcta,MK644928.1,99.265,Moose,Alces alces
M05712:22:000000000-C88B6:1:1101:20360:2698_CONS,ttagataccccactatgcctagccataaactctaatagttacattaacaaaaacagtcgccagagtactacaacagcttaaaattcaaagaacttggtggtgctttatatccctctagaggagcctgttcta,AC012365.6,99.242,Human,Homo sapiens
M05712:22:000000000-C88B6:1:1101:21389:20272_CONS,ttagataccccactatgcctagccttaaacacaaatagttatgtaaacaagactgttcgccagagtaccaccggcaatagcttaaaactcaaaggacttggcggtgctttatacccttctagaggagcctgttcta,MT430939.1,99.265,Elk,Cervus canadensis
M05712:22:000000000-C88B6:1:1101:21498:10281_CONS,ttagataccccactatgcctggcccttaatctagataccttcatacccctgtatccgcctgagaactacgagcacaaacgcttaaaactctaaggacttggcggtgccctaaacccacctagaggagcctgttcta,KC749454.1,100,Spruce grouse,Falcipennis canadensis
M05712:22:000000000-C88B6:1:1101:23078:18002_CONS,ttagataccccactatgcctagccttaaacacaaatagttatgtaaacaagactgttcgccagagtactaccggcaatagcttaaaactcaaaggacttggcggtgctttgtacccttctagaggagcctgttcta,MT430939.1,99.265,Elk,Cervus canadensis
M05712:22:000000000-C88B6:1:1101:23275:20095_CONS,ttagataccccactatgcttagccctaaacacaaataattatatcaacaaaattattcgccagagtactaccggcaatagcctaaaactcagaggacttggcggtgctttatacccttctagaggagcctgttcta,MK644928.1,99.265,Moose,Alces alces
M05712:22:000000000-C88B6:1:1101:23310:17264_CONS,ttagataccccactatgcttagccctaaacctagatagttaactcaaacaaaactatccgccagagaactactagcaacagcttaaaactcaaaggacttggcggtgctttacatccctctagaggagcctgttcta,MK469962.1,100,Cougar or Bobcat,Puma concolor or Lynx rufus
M05712:22:000000000-C88B6:1:1101:23492:6404_CONS,ttagataccccactatgcttagccctaaacacaaataattatatcaacaaaattattcgccagagtactaccggcaatagcctaaaactcaaaggacttggcggtgctttatatccctctagaggagcctgttcta,MT186727.1,98.529,Moose,Alces alces
M05712:22:000000000-C88B6:1:1101:24130:14281_CONS,ttagataccccactatgcttagctataaacacagacaattaatgtaacaaaattgttcgccagagaactactagcaacagcttaaaactcaaaggacttggcggtgctttatatccctctagaggagcctgttcta,HM106332.1,98.529,Striped skunk,Mephitis mephitis
M05712:22:000000000-C88B6:1:1101:25337:10657_CONS,ttagataccccactatgcttagccttaaacacaaataattatatcaacaaaattattcgccagagtactaccggcaatagcctaaaactcaaaggacttggcggtgctttatacccttctagaggagcctgttcta,MK644928.1,99.265,Moose,Alces alces
M05712:22:000000000-C88B6:1:1101:25366:15768_CONS,ttagataccccactatgcttagccctaaacataaacagttatataaacaaaactattcgccagagtactaccggcaatagcttaaaactcaaaggacttggcggtgctttatacccttctagaggagcctgttcta,KX381756.1,99.265,Deer,Odocoileus sp.
M05712:22:000000000-C88B6:1:1101:25378:4146_CONS,ttagataccccactatgcttagccctaaactttgataatttcataacaaaattattcgccagagaactacaagccaaagcttaaaactcaaaggacttggcggtgctttatacccacctagaggagcctgttcta,MN953621.1,100,Rabbit,Oryctolagus cuniculus
M05712:22:000000000-C88B6:1:1101:2541:8543_CONS,ttagataccccactatgcttagccctaaacacaaataattataccaacaaaattattcgccagagtactaccggcaatagcctaaaactcaaaggacttggcggtgctttatacccttctagaggagcctgttcta,MK644928.1,99.265,Moose,Alces alces
M05712:22:000000000-C88B6:1:1101:25414:6860_CONS,ttagataccccactatgcctggccctaaatcttgatgctctacattacctgagcgtccgcccgagaactacgagcacaaacgcttaaaactctaaggacttggcggtgccccaaacccacctagaggagcctgttcta,NC_051013.1,99.27,European starling,Sturnus vulgaris
M05712:22:000000000-C88B6:1:1101:25440:16037_CONS,ttagataccccactatgcttagccctaaacataaatagttatataaacaaaactattcgccagagcactaccggcaatagcttaaaactcaaaggacttggcggtgctttatacccttctagaggagcctgttcta,KX381756.1,99.265,Deer,Odocoileus sp.
M05712:22:000000000-C88B6:1:1101:25974:16127_CONS,ttagataccccactatgcctagccctaaacccaaatagttacataacaaaactattcgccagagtactactcgcaactgcctaaaactcaaaggacttggcggtgcttcacatccacctagaggagcctgttcta,MT048590.1,100,Pig,Sus scrofa
M05712:22:000000000-C88B6:1:1101:27584:8538_CONS,ttagataccccactatgcttagccctaaacctagataattccagaacaaaattattcgccagagaactacaagccagagcttaaaactcaagggacttggcggtgctttatacccgcctagaggagcctgttcta,KJ397613.1,99.259,Snowshoe hare,Lepus americanus
M05712:22:000000000-C88B6:1:1101:28031:14316_CONS,ttagataccccactatgcttagccctaaacacaaataattatatcaacaaaattattcgccagagcactaccggcaatagcctaaaactcaaaggacttggcggtgctttatacccttctagaggagcctgttcta,MK644928.1,99.265,Moose,Alces alces
M05712:22:000000000-C88B6:1:1101:28480:12984_CONS,ttagataccccactatgcttagccctaaacacaaataattatatcaacaaaattattcgccagagtactaccggcaatagcctaaaactcaaaggacttggcggtgctttgtacccttctagaggagcctgttcta,MK644928.1,99.265,Moose,Alces alces
M05712:22:000000000-C88B6:1:1101:3205:8727_CONS,ttagataccccactatgcttagccctaaacacaaataattacatcaacaaaattattcgccagagtactaccggcaatagcttaaaactcaaaggacttggcggtgctttatacccttctagaggagcctgttcta,MK644928.1,98.529,Moose,Alces alces
M05712:22:000000000-C88B6:1:1101:4305:20389_CONS,ttagataccccactatgcttagccctaaacacaaataattatatcaacaaaattattcgccagagtactaccggcagtagcctaaaactcaaaggacttggcggtgctttatacccttctagaggagcctgttcta,MK644928.1,99.265,Moose,Alces alces
M05712:22:000000000-C88B6:1:1101:8356:12686_CONS,ttagataccccactatgcctggccctaaatcttgatactaatatactcacgtatccgcctgagaactacgagcacaaacgcttaaaactctaaggacttggcggtgccctaaacccacctagaggagcctgttcta,JF275060.1,100,Wild turkey,Meleagris gallopavo
M05712:22:000000000-C88B6:1:1101:9579:16146_CONS,ttagataccccactatgcttagccctaaactccaatagttaaatcaacaaaactattcaccagaacactacaagcaatagcttaaaactcaaaggacttggcggtgctttatatccctctagaggagcctgttcta,FN673986.1,100,Human,Homo sapiens
M05712:22:000000000-C88B6:1:1101:9632:12191_CONS,ttagataccccactatgcttagccctaaacacaaataattatatcaacaaaattattcgccagagtactaccggcaatagcctaaagctcaaaggacttggcggtgctttatacccttctagaggagcctgttcta,MK644928.1,99.265,Moose,Alces alces
M05712:22:000000000-C88B6:1:1102:10246:16181_CONS,ttagataccccactatgcctagccttaaacacaaatagttatgtaaacaggactgttcgccagagtactaccggcaatagcttaaaactcaaaggacttggcggtgctttatacccttctagaggagcctgttcta,MT430939.1,99.265,Elk,Cervus canadensis
M05712:22:000000000-C88B6:1:1102:10338:2820_CONS,ttagataccccactatgtttagccctaaacacaaataattatatcaacaaaattattcgccagagtactaccggcaatagcctaaaactcaaaggacttggcggtgctttatacccttctagaggagcctgttcta,MK644928.1,99.265,Moose,Alces alces
M05712:22:000000000-C88B6:1:1102:13863:7087_CONS,ttagataccccactatgcttagccccaaacataaatagttatataaacaaaactattcgccagagtactaccggcaatagcttaaaactcaaaggacttggcggtgctttatacccttctagaggagcctgttcta,KX381756.1,99.265,Deer,Odocoileus sp.
M05712:22:000000000-C88B6:1:1102:14084:19591_CONS,ttagataccccactatgcttagccctaaacacaaataattatatcaacaaaattattcgccagagtactaccggcaatagcctaagactcaaaggacttggcggtgctttatacccttctagaggagcctgttcta,MK644928.1,99.265,Moose,Alces alces
M05712:22:000000000-C88B6:1:1102:16002:16944_CONS,ttagataccccactatgcttagccctaaacctagataattccagaacaaaattattcgccagaggactacaagccagagcttaaaactcaaaggacttggcggtgctttatacccgcctagaggagcctgttcta,KJ397613.1,99.259,Snowshoe hare,Lepus americanus
M05712:22:000000000-C88B6:1:1102:16686:20216_CONS,ttagataccccactatgcttagccctaaacacaaataattatatcaacaaaattattcgccagagtactaccggcaatagcttaaaactcaaaggacttggcggtgctttatacccttctagaggagcctgttcta,MK644928.1,99.265,Moose,Alces alces
M05712:22:000000000-C88B6:1:1102:21180:18747_CONS,ttagataccccactatgtttagccctaaacataaatagttatataaacaaaactattcgccagagtactaccggcaatagcttaaaactcaaaggacttggcggtgctttatacccttctagaggagcctgttcta,KX381756.1,99.265,Deer,Odocoileus sp.
M05712:22:000000000-C88B6:1:1102:2130:10478_CONS,ttagataccccactatgcttagccctaaacacaaataattatatcaacaaaattattcgccagagtactaccggcaatagcctaaaactcaaaggacttggcggtgctttatacccctctagaggagcctgttcta,MK644928.1,99.265,Moose,Alces alces
M05712:22:000000000-C88B6:1:1102:21740:15181_CONS,ttagatacccactatgcttagccctaaacctagataattccagaacaaaattattcgccagagaactacaagccagagcttaaaactcaaaggacttggcggtgctttatacccgcctagaggagcctgttcta,KJ397613.1,99.259,Snowshoe hare,Lepus americanus
M05712:22:000000000-C88B6:1:1102:22630:13331_CONS,ttagataccccactatgcttagccctaaacataaatagttatataaacaaaactatccgccagagtactaccggcaatagcttaaaactcaaaggacttggcggtgctttatacccttctagaggagcctgttcta,KX381756.1,99.265,Deer,Odocoileus sp.
M05712:22:000000000-C88B6:1:1102:23764:12454_CONS,ttagataccccactatgcttagccctaaacacaaataattatatcaacaaaattactcgccagagtactaccggcaatagcttaaaactcaaaggacttggcggtgctttatacccttctagaggagcctgttcta,MK644928.1,98.529,Moose,Alces alces
M05712:22:000000000-C88B6:1:1102:23981:22330_CONS,ttagataccccactatgcttagccctaagcataaatagttatataaacaaaactattcgccagagtactaccggcaatagcttaaaactcaaaggacttggcggtgctttatacccttctagaggagcctgttcta,KX381756.1,99.265,Deer,Odocoileus sp.
M05712:22:000000000-C88B6:1:1102:25844:5733_CONS,ttagataccccactatgcttagccctaagcctagataattccagaacaaaattattcgccagagaactacaagccagagcttaaaactcaaaggacttggcggtgctttatacccgcctagaggagcctgttcta,KJ397613.1,99.259,Snowshoe hare,Lepus americanus
M05712:22:000000000-C88B6:1:1102:27812:12885_CONS,ttagataccccactatgcttagccctaaacataaatagttatataaacaaaactattcgccagagtactaccggcaatagcttaaaactcaaaggacttggcggtgcttcatacccttctagaggagcctgttcta,KX381756.1,99.265,Deer,Odocoileus sp.
M05712:22:000000000-C88B6:1:1102:4292:8623_CONS,ttagataccccactatgcttagccctaaacctcaacagttaaatcaacaaaactgctcgccagaacactacgagccacagcttaaaactcaaaggacctggcggtgcttcatatccctctagaggagcctgttcta,MF437201.1,100,Human,Homo sapiens
M05712:22:000000000-C88B6:1:1102:4476:10283_CONS,ttagataccccactatgcttagccctaaacatagatagttatataaacaaaactattcgccagagtactaccggcaatagcttaaaactcaaaggacttggcggtgctttatacccttctagaggagcctgttcta,KX381756.1,99.265,Deer,Odocoileus sp.
M05712:22:000000000-C88B6:1:1102:7961:20962_CONS,ttagataccccactatgcttagccctaaacatagataattccagaacaaaattattcgccagagaactacaagccagagcttaaaactcaaaggacttggcggtgctttatacccgcctagaggagcctgttcta,KJ397613.1,99.259,Snowshoe hare,Lepus americanus
M05712:22:000000000-C88B6:1:1103:15501:20396_CONS,ttagataccccactatgcttagccctaaacataaatagctatataaacaaaactattcgccagagtactaccggcaatagcttaaaactcaaaggacttggcggtgctttatacccttctagaggagcctgttcta,KX381756.1,99.265,Deer,Odocoileus sp.
M05712:22:000000000-C88B6:1:1103:16501:19087_CONS,ttagataccccactatgcctagccttaaacacaaatagttatgtaaacaagactgttcgccagagtactaccggcaatagcttaaaactcaaaggacttggcggtgctttatatccctctagaggagcctgttcta,MT430939.1,98.529,Elk,Cervus canadensis
M05712:22:000000000-C88B6:1:1103:17426:6674_CONS,ttagataccccactatgcttagccctaaacacaaataattatatcaacaaaactattcgccagagtactaccggcaatagcctaaaactcaaaggacttggcggtgctttatacccttctagaggagcctgttcta,MK644928.1,99.265,Moose,Alces alces
M05712:22:000000000-C88B6:1:1103:21355:11935_CONS,ttagataccccactatgcctagccttaaacacaaatagttatgtaaacaagactgttcgccagagtactaccggcaatagcttaaaactcaaaggacttggcggtgccttatacccttctagaggagcctgttcta,MT430939.1,99.265,Elk,Cervus canadensis
M05712:22:000000000-C88B6:1:1103:23660:21515_CONS,ttagataccccactatgcttagccctaaacataaatagttatataaacaaaactattcgccagggtactaccggcaatagcttaaaactcaaaggacttggcggtgctttatacccttctagaggagcctgttcta,KX381756.1,99.265,Deer,Odocoileus sp.
M05712:22:000000000-C88B6:1:1103:24593:10596_CONS,ttagataccccactatgcttagccctaaacacaaataattatatcaacaaaattattcgccagagtactaccggcaatagcctaaaactcaaaggacttggcggtgctttataccctcctagaggagcctgttcta,MK644928.1,99.265,Moose,Alces alces
M05712:22:000000000-C88B6:1:1103:24689:13456_CONS,ttagataccccactatgcttagccctaaacacaaataattatatcaacaaaattattcgccagagtactaccggcgatagcctaaaactcaaaggacttggcggtgctttatacccttctagaggagcctgttcta,MK644928.1,99.265,Moose,Alces alces
M05712:22:000000000-C88B6:1:1103:25111:4683_CONS,ttagataccccactatgcttagccctaaacacaaataattatatcaacaaaattattcgccagagtactaccggcaatagcctaaaactcaaaggacttggcggtgctttatacccttctagaggagcctgttca,MK644928.1,100,Moose,Alces alces
M05712:22:000000000-C88B6:1:1103:26292:14596_CONS,ttagataccccactatgcttagccctaaacacaaataattacatcaacaaaattattcgccagagtactaccggcaatagcctaaaactcaaaggacttggcggtgctttatacccttctagaggagcctgttcta,MK644928.1,99.265,Moose,Alces alces
M05712:22:000000000-C88B6:1:1103:3318:13660_CONS,ttagataccccactatgcttagccctaaaccttaaagattaaataacaaaatcatttgcctgagaactactggccatcgcttaaaactcaaaggacttggcggtactttatatccgtctagaggagcctgttcta,NC_039921.1,100,Deer mouse,Peromyscus maniculatus
M05712:22:000000000-C88B6:1:1103:4918:16625_CONS,ttagataccccactatgcttagccctaaacacgaataattatatcaacaaaattattcgccagagtactaccggcaatagcctaaaactcaaaggacttggcggtgctttatacccttctagaggagcctgttcta,MK644928.1,99.265,Moose,Alces alces
M05712:22:000000000-C88B6:1:1103:8117:22228_CONS,ttagataccccactatgcttagccctaaacacaaataattatatcaacaaaattactcgccagagtactaccggcaatagcctaaaactcaaaggacttggcggtgctttatacccttctagaggagcctgttcta,MK644928.1,99.265,Moose,Alces alces
M05712:22:000000000-C88B6:1:1103:8610:15759_CONS,ttagatacccactatgcctagccttaaacacaaatagttatgtaaacaagactgttcgccagagtactaccggcaatagcttaaaactcaaaggacttggcggtgctttatacccttctagaggagcctgttcta,MT430939.1,99.265,Elk,Cervus canadensis
M05712:22:000000000-C88B6:1:1104:13924:4524_CONS,ttagataccccactatgcttagccctaaacctagataattccagaacaaaattattcgccagagaactacaagccagagcttaaaactcaaaggacttggcggtgctttatacccgcctagagagcctgttcta,KJ397613.1,99.259,Snowshoe hare,Lepus americanus
M05712:22:000000000-C88B6:1:1104:14680:15025_CONS,ttagataccccactatgcttagccctaaacataaatagttatataaacaaaactattcgccagagtactaccggcaatagcttaaaactcgaaggacttggcggtgctttatacccttctagaggagcctgttcta,KX381756.1,99.265,Deer,Odocoileus sp.
M05712:22:000000000-C88B6:1:1104:15767:2006_CONS,ttagataccccactatgcttagccctaaacataaatagttatgtaaacaaaactattcgccagagtactaccggcaatagcttaaaactcaaaggacttggcggtgctttatacccttctagaggagcctgttcta,KX381756.1,99.265,Deer,Odocoileus sp.
M05712:22:000000000-C88B6:1:1104:16541:19572_CONS,ttagataccccactatgcctagccttaaacacaaatagttatgtaaacaagactgttcgccagagtactaccggcaatagcttaaaactcaaaggacttggcggtgctttacacccttctagaggagcctgttcta,MT430939.1,99.265,Elk,Cervus canadensis
M05712:22:000000000-C88B6:1:1104:17684:13311_CONS,ttagataccccactatgcctagccttaaacacaaatagttatgtaaacaagactgttcgccagagtactaccggcaatagcttaaaactcaagggacttggcggtgctttatacccttctagaggagcctgttcta,MT430939.1,99.265,Elk,Cervus canadensis
M05712:22:000000000-C88B6:1:1104:18109:17038_CONS,ttagataccccactatgcttagccctaaacctagataattccagaacaaaattattcgccagagaactacaagccagagcttaaaactcaaaggacttggcggtgccttatacccgcctagaggagcctgttcta,KJ397613.1,99.259,Snowshoe hare,Lepus americanus
M05712:22:000000000-C88B6:1:1104:18186:2198_CONS,ttagataccccactatgcttagccctaaacctcaacagttaaaccaacaaaactgctcgccagaacactacgagccacagcttaaaactcaaaggacctggcggtgcttcatatccctctagaggagcctgttcta,MN176257.1,100,Human,Homo sapiens
M05712:22:000000000-C88B6:1:1104:21219:14592_CONS,ttagataccccactatgcttagccctagacacaaataattatatcaacaaaattattcgccagagtactaccggcaatagcctaaaactcaaaggacttggcggtgctttatacccttctagaggagcctgttcta,MK644928.1,99.265,Moose,Alces alces
M05712:22:000000000-C88B6:1:1104:23285:12092_CONS,ttagataccccactatgcttagccctaaacctagataattccagaacaaaattattcgccagagaactacaagccagagcttaaaacccaaaggacttggcggtgctttatacccgcctagaggagcctgttcta,KJ397613.1,99.259,Snowshoe hare,Lepus americanus
M05712:22:000000000-C88B6:1:1104:23579:4518_CONS,ttagataccccactatgcttagccctaaacttcaataatttttaaacaaaaatatttgcctgagaactactggctacagcttaaaactcaaaggacttggcggtactttatatccatctagaggagcctgttcta,JN393216.1,99.259,Meadow vole,Microtus pennsylvanicus
M05712:22:000000000-C88B6:1:1104:28143:8977_CONS,ttagataccccactatgcttagccctaaacataaatagttatataaacaaaactattcaccagagtactaccggcaatagcttaaaactcaaaggacttggcggtgctttatacccttctagaggagcctgttcta,KX381756.1,99.265,Deer,Odocoileus sp.
M05712:22:000000000-C88B6:1:1104:6588:18388_CONS,ttagataccccactatgcctagccttaaacacaaatagttatgtgaacaagactgttcgccagagtactaccggcaatagcttaaaactcaaaggacttggcggtgctttatacccttctagaggagcctgttcta,MT430939.1,99.265,Elk,Cervus canadensis
M05712:22:000000000-C88B6:1:1104:9223:18565_CONS,ttagataccccactatgcttagccctgaacataaatagttatataaacaaaactattcgccagagtactaccggcaatagcttaaaactcaaaggacttggcggtgctttatacccttctagaggagcctgttcta,KX381756.1,99.265,Deer,Odocoileus sp.
M05712:22:000000000-C88B6:1:1104:9685:15216_CONS,ttagataccccactatgcttagctctaaacataaatagttatataaacaaaactattcgccagagtactaccggcaatagcttaaaactcaaaggacttggcggtgctttatacccttctagaggagcctgttcta,KX381756.1,99.265,Deer,Odocoileus sp.
M05712:22:000000000-C88B6:1:1105:12684:12656_CONS,ttagataccccactatgcttagccctaaacataaatagttatataaacaaaactattcgccagagtactaccggcaatagcttaaaactcaaaggacttggcggtgctttatgcccttctagaggagcctgttcta,KX381756.1,99.265,Deer,Odocoileus sp.
M05712:22:000000000-C88B6:1:1105:22178:9062_CONS,ttagataccccactatgcttagccctaaacataaatagttatataaacaaaactattcgccagagtactaccggcaatagctcaaaactcaaaggacttggcggtgctttatacccttctagaggagcctgttcta,KX381756.1,99.265,Deer,Odocoileus sp.
M05712:22:000000000-C88B6:1:1105:22970:13366_CONS,ttagataccccactatgcctagccttaaacacaaatagttatgtaaacaagactgttcgccagagtactaccggcaatagcttaaagctcaaaggacttggcggtgctttatacccttctagaggagcctgttcta,MT430939.1,99.265,Elk,Cervus canadensis
M05712:22:000000000-C88B6:1:1105:27485:18481_CONS,ttagataccccactatgcttggccctaaacataaatagttatataaacaaaactattcgccagagtactaccggcaatagcttaaaactcaaaggacttggcggtgctttatacccttctagaggagcctgttcta,KX381756.1,99.265,Deer,Odocoileus sp.
M05712:22:000000000-C88B6:1:1105:4242:14236_CONS,ttagataccccactatgcctagccttaaacacaaatagttatgtaaacaaggctgttcgccagagtactaccggcaatagcttaaaactcaaaggacttggcggtgctttatacccttctagaggagcctgttcta,MT430939.1,99.265,Elk,Cervus canadensis
M05712:22:000000000-C88B6:1:1106:10131:5138_CONS,ttagataccccactatgcttagccctaaacataaatagttatataaacaaaactattcgccagagtactaccggcaatagcttaaaactcaaaggacttggcggtgctttataccctcctagaggagcctgttcta,KX381756.1,99.265,Deer,Odocoileus sp.
M05712:22:000000000-C88B6:1:1106:12741:12477_CONS,ttagataccccactatgcttagccctaaacctagataattccagaacaaaattattcgccagagaactacaagccagggcttaaaactcaaaggacttggcggtgctttatacccgcctagaggagcctgttcta,KJ397613.1,99.259,Snowshoe hare,Lepus americanus
M05712:22:000000000-C88B6:1:1106:13751:22033_CONS,ttagataccccactatgcttagccctaaacacagataattacataaacaaaattattcgccagagtactactagcaacagcttaaaactcaaaggacttggcggtgctttatatccttctagaggagcctgttcta,MT048504.1,100,Cow,Bos taurus
M05712:22:000000000-C88B6:1:1106:15157:16065_CONS,ttagataccccactatgcctagccttaaacacaaatagttatgtaaacaagactgttcgccagagtactaccggcaatagcttgaaactcaaaggacttggcggtgctttatacccttctagaggagcctgttcta,MT430939.1,99.265,Elk,Cervus canadensis
M05712:22:000000000-C88B6:1:1106:16200:24225_CONS,ttagataccccactatgcttagccctaaacacaaataattatatcaacaaaattattcgccagagtactaccagcaatagcctaaaactcaaaggacttggcggtgctttatacccttctagaggagcctgttcta,MK644928.1,99.265,Moose,Alces alces
M05712:22:000000000-C88B6:1:1106:18428:10752_CONS,ttagataccccactatgcctagccttaaacacaaatagttatgtaaacaagactgttcgccagagtactaccggcaatagcttaaaactcaaaggacttggcggtgctttatacccttctagagagcctgttcta,MT430939.1,99.265,Elk,Cervus canadensis
M05712:22:000000000-C88B6:1:1106:20406:17215_CONS,ttagataccccactatgcttagccctaaacctagataattccaggacaaaattattcgccagagaactacaagccagagcttaaaactcaaaggacttggcggtgctttatacccgcctagaggagcctgttcta,KJ397613.1,99.259,Snowshoe hare,Lepus americanus
M05712:22:000000000-C88B6:1:1106:25687:18180_CONS,ttgataccccactatgcttagccctaaacataaatagttatataaacaaaactattcgccagagtactaccggcaatagcttaaaactcaaaggacttggcggtgctttatacccttctagaggagcctgttcta,KX381756.1,100,Deer,Odocoileus sp.
M05712:22:000000000-C88B6:1:1106:27796:12029_CONS,ttagataccccactatgcttagccctaaacacaaataattatatcaacaaaattattcgccagagtactaccggcaatagcctaaaactcaaaggacttggcggtgccttatacccttctagaggagcctgttcta,MK644928.1,99.265,Moose,Alces alces
M05712:22:000000000-C88B6:1:1106:4992:15739_CONS,ttagataccccactatgcttagccctaaacataaatagttatataaacaaaactattcgccagagtactaccgacaatagcttaaaactcaaaggacttggcggtgctttatacccttctagaggagcctgttcta,KX381756.1,99.265,Deer,Odocoileus sp.
M05712:22:000000000-C88B6:1:1106:7122:18780_CONS,ttagataccccactatgcttagccctaaacacaaataattatatcaacagaattattcgccagagtactaccggcaatagcctaaaactcaaaggacttggcggtgctttatacccttctagaggagcctgttcta,MK644928.1,99.265,Moose,Alces alces
M05712:22:000000000-C88B6:1:1106:9050:5916_CONS,ttagataccccactatgcttagccctaaacataaatagttatataaacaaaactattcgccagagtactaccggcaatagcctaaaactcaaaggacttggcggtgctttatacccttctagaggagcctgttcta,KX381756.1,99.265,Deer,Odocoileus sp.
M05712:22:000000000-C88B6:1:1107:20036:7692_CONS,ttagataccccactatgcttagccctaaacataaatagttatataaacaaaactattcgccagagtactactggcaatagcttaaaactcaaaggacttggcggtgctttatacccttctagaggagcctgttcta,KX381756.1,99.265,Deer,Odocoileus sp.
M05712:22:000000000-C88B6:1:1107:27261:9251_CONS,ttagataccccactatgcttagccctaaacacaagtaattatatcaacaaaattattcgccagagtactaccggcaatagcctaaaactcaaaggacttggcggtgctttatacccttctagaggagcctgttcta,MK644928.1,99.265,Moose,Alces alces
M05712:22:000000000-C88B6:1:1107:4132:9409_CONS,ttagataccccactatgcttagccctaaacctagataattccagaacaaaattattcgccagagaactacaagccagagcttaaagctcaaaggacttggcggtgctttatacccgcctagaggagcctgttcta,KJ397613.1,99.259,Snowshoe hare,Lepus americanus
M05712:22:000000000-C88B6:1:1107:6264:22315_CONS,ttagataccccactatgcttagccctaaacacaaatagttatatcaacaaaattattcgccagagtactaccggcaatagcctaaaactcaaaggacttggcggtgctttatacccttctagaggagcctgttcta,MK644928.1,99.265,Moose,Alces alces
M05712:22:000000000-C88B6:1:1108:15065:8299_CONS,ttagataccccactatgcctggcccttaatccagatacctatatacccctgtatccgcccgagaactacgagcacaaacgcttaaaactctaaggacttggcggtgccccaaacccacctagaggagcctgttcta,KC785605.1,100,Ruffed grouse,Bonasa umbellus
M05712:22:000000000-C88B6:1:1108:26870:8914_CONS,ttagataccccactatgcctagcctcaaacacaaatagttatgtaaacaagactgttcgccagagtactaccggcaatagcttaaaactcaaaggacttggcggtgctttatacccttctagaggagcctgttcta,MT430939.1,99.265,Elk,Cervus canadensis
M05712:22:000000000-C88B6:1:1108:27767:8583_CONS,ttagataccccactatgcctagccttaaacacagatagttatgtaaacaagactgttcgccagagtactaccggcaatagcttaaaactcaaaggacttggcggtgctttatacccttctagaggagcctgttcta,MT430939.1,99.265,Elk,Cervus canadensis
M05712:22:000000000-C88B6:1:1108:28762:9745_CONS,ttagataccccactatgcttagccctaaacataaatagttatataaacaaaactattcgccagagtactgccggcaatagcttaaaactcaaaggacttggcggtgctttatacccttctagaggagcctgttcta,KX381756.1,99.265,Deer,Odocoileus sp.
M05712:22:000000000-C88B6:1:1108:8431:19968_CONS,ttagataccccactatgcttagccctaaacataaatagttatataaacaaaactattcgccagagtactaccggcaatagcttaaaactcaaaggacttggcggtgctttatacccctctagaggagcctgttcta,KX381756.1,99.265,Deer,Odocoileus sp.
M05712:22:000000000-C88B6:1:1108:8695:2396_CONS,ttagataccccactatgcttagccctaaacctagataattccagaacaaaattattcgccagagaactacgagccagagcttaaaactcaaaggacttggcggtgctttatacccgcctagaggagcctgttcta,KJ397613.1,99.259,Snowshoe hare,Lepus americanus
M05712:22:000000000-C88B6:1:1108:8911:14744_CONS,ttagataccccactatgcttagccctaaacctaggtaattccagaacaaaattattcgccagagaactacaagccagagcttaaaactcaaaggacttggcggtgctttatacccgcctagaggagcctgttcta,KJ397613.1,99.259,Snowshoe hare,Lepus americanus
M05712:22:000000000-C88B6:1:1109:12690:15656_CONS,ttagataccccactatgcttagccctaaacacaaataattatatcaacaaaattattcgccagagtactaccggcaatagcctaaaactcaaaggacttggcagtgctttatacccttctagaggagcctgttcta,MK644928.1,99.265,Moose,Alces alces
M05712:22:000000000-C88B6:1:1109:14790:23667_CONS,ttagataccccactatgcttagccctaaacataaatagttatataaacaaaactattcgccagagtactaccggcaatagcttgaaactcaaaggacttggcggtgctttatacccttctagaggagcctgttcta,KX381756.1,99.265,Deer,Odocoileus sp.
M05712:22:000000000-C88B6:1:1109:15298:8030_CONS,ttagataccccactatgcttagccctaaacacaaatatttaactaacaaaaatattcgccagagtactactagcaattgcttaaaactcaaaggacttggcggtgctttatatccctctagaggagcctgttcta,AF038020.2,100,Flying squirrel,Glaucomys sp.
M05712:22:000000000-C88B6:1:1109:20264:8153_CONS,ttagataccccactatgcttagccctaaacataaatagttatataaacaaaactattcgccagagtactaccggcaatagcttaaaacccaaaggacttggcggtgctttatacccttctagaggagcctgttcta,KX381756.1,99.265,Deer,Odocoileus sp.
M05712:22:000000000-C88B6:1:1109:21047:13102_CONS,ttagataccccactatgcttagccctaaacataaatagttatatagacaaaactattcgccagagtactaccggcaatagcttaaaactcaaaggacttggcggtgctttatacccttctagaggagcctgttcta,KX381756.1,99.265,Deer,Odocoileus sp.
M05712:22:000000000-C88B6:1:1109:22608:14740_CONS,ttagataccccactatgcttagccctaaacatgaatagttatataaacaaaactattcgccagagtactaccggcaatagcttaaaactcaaaggacttggcggtgctttatacccttctagaggagcctgttcta,KX381756.1,99.265,Deer,Odocoileus sp.
M05712:22:000000000-C88B6:1:1109:23342:20629_CONS,ttagataccccactatgcttagccctaaacacaaataattatatcaacaaaattattcgccagagtactaccggcaatagcctaaaactcaaaggacttagcggtgctttatacccttctagaggagcctgttcta,MK644928.1,99.265,Moose,Alces alces
M05712:22:000000000-C88B6:1:1109:26202:9748_CONS,ttagataccccactatgcttagccctaaacacaaataattatatcaacaaaattattcgccagagtactaccggcaatagcctaaaactcaaaggacttggcggcgctttatacccttctagaggagcctgttcta,MK644928.1,99.265,Moose,Alces alces
M05712:22:000000000-C88B6:1:1109:7308:21476_CONS,ttagataccccactatgcctagccttaaacacaaatagttatgtaaacaagactgttcgccagagtactaccggcaatggcttaaaactcaaaggacttggcggtgctttatacccttctagaggagcctgttcta,MT430939.1,99.265,Elk,Cervus canadensis
M05712:22:000000000-C88B6:1:1109:9488:24054_CONS,ttagataccccactatgcttagccctaaacataaatagttatataaacaaaactgttcgccagagtactaccggcaatagcttaaaactcaaaggacttggcggtgctttatacccttctagaggagcctgttcta,KX381756.1,99.265,Deer,Odocoileus sp.
M05712:22:000000000-C88B6:1:1109:9577:8546_CONS,ttagataccccactatgcttagccctaaacacaaataattatatcaacaagattattcgccagagtactaccggcaatagcctaaaactcaaaggacttggcggtgctttatacccttctagaggagcctgttcta,MK644928.1,99.265,Moose,Alces alces
M05712:22:000000000-C88B6:1:1110:13214:22797_CONS,ttagataccccactatgcttagccctaaacacaaataattatatcaacaaaattattcgccagagtactaccggcaatagcctaaaactcaaaggactcggcggtgctttatacccttctagaggagcctgttcta,MK644928.1,99.265,Moose,Alces alces
M05712:22:000000000-C88B6:1:1110:13795:6949_CONS,ttagataccccactatgcttagccctaaacacaaataattatatcaacaaaattattcgccagagtactaccggcaatagcctaaaactcaaaggacttggcggtgctttatacccttccagaggagcctgttcta,MK644928.1,99.265,Moose,Alces alces
M05712:22:000000000-C88B6:1:1110:17242:8792_CONS,ttagataccccactatgcttagccctaaacataaatagttatataaacaaaactattcgccagagtgctaccggcaatagcttaaaactcaaaggacttggcggtgctttatacccttctagaggagcctgttcta,KX381756.1,99.265,Deer,Odocoileus sp.
M05712:22:000000000-C88B6:1:1110:20865:22566_CONS,ttagataccccactatgcctagccttaaacacaaatggttatgtaaacaagactgttcgccagagtactaccggcaatagcttaaaactcaaaggacttggcggtgctttatacccttctagaggagcctgttcta,MT430939.1,99.265,Elk,Cervus canadensis
M05712:22:000000000-C88B6:1:1110:29652:12843_CONS,ttagataccccactatgcctagccttaaacacaaatagttatgtaaacaagactgttcgccagagtactaccggcaatagcttaaaactcaaaggacttggcggtgctttataccctcctagaggagcctgttcta,MT430939.1,99.265,Elk,Cervus canadensis
M05712:22:000000000-C88B6:1:1111:13505:8676_CONS,ttagataccccactatgcttagccctaaacctagataattccagaacaaaattattcgccagagaactacaggccagagcttaaaactcaaaggacttggcggtgctttatacccgcctagaggagcctgttcta,KJ397613.1,99.259,Snowshoe hare,Lepus americanus
M05712:22:000000000-C88B6:1:1111:14952:18479_CONS,ttagataccccactatgcctagccttaaacacaaatagttatgtaaacaagactgttcgccagagtactaccggcaatagcttaaaactcaaaggacctggcggtgctttatacccttctagaggagcctgttcta,MT430939.1,99.265,Elk,Cervus canadensis
M05712:22:000000000-C88B6:1:1111:18388:3433_CONS,ttagataccccactatgcttagccctaaacataaatggttatataaacaaaactattcgccagagtactaccggcaatagcttaaaactcaaaggacttggcggtgctttatacccttctagaggagcctgttcta,KX381756.1,99.265,Deer,Odocoileus sp.
M05712:22:000000000-C88B6:1:1111:21701:10409_CONS,ttagataccccactatgcttagccctaaacacaaataattatatcgacaaaattattcgccagagtactaccggcaatagcctaaaactcaaaggacttggcggtgctttatacccttctagaggagcctgttcta,MK644928.1,99.265,Moose,Alces alces
M05712:22:000000000-C88B6:1:1111:22323:15244_CONS,ttagataccccactatgcttagccctaaacataaatagttatacaaacaaaactattcgccagagtactaccggcaatagcttaaaactcaaaggacttggcggtgctttatacccttctagaggagcctgttcta,KX381756.1,99.265,Deer,Odocoileus sp.
M05712:22:000000000-C88B6:1:1111:24369:18855_CONS,ttagataccccactatgcttagccctaaacataaatagttatataaacaaaactattcgccagagtactaccggcaatagcttaaagctcaaaggacttggcggtgctttatacccttctagaggagcctgttcta,KX381756.1,99.265,Deer,Odocoileus sp.
M05712:22:000000000-C88B6:1:1111:4568:9882_CONS,ttagataccccactatgcttagccctaaacacaaataattatatcaacaaaattatccgccagagtactaccggcaatagcctaaaactcaaaggacttggcggtgctttatacccttctagaggagcctgttcta,MK644928.1,99.265,Moose,Alces alces
M05712:22:000000000-C88B6:1:1111:7096:16245_CONS,ttagataccccactatgcttagccctaaacttcaacagttaaattaacaaaactgctcgccagaacactacgagccacagcttaaaactcaaaggacctggcggtgcttcatatccctctagaggagcctgttcta,MK280465.1,100,Human,Homo sapiens
M05712:22:000000000-C88B6:1:1111:9956:15561_CONS,ttagataccccactatgcttagccctaaacataaatagttatataagcaaaactattcgccagagtactaccggcaatagcttaaaactcaaaggacttggcggtgctttatacccttctagaggagcctgttcta,KX381756.1,99.265,Deer,Odocoileus sp.
M05712:22:000000000-C88B6:1:1112:10002:20141_CONS,ttagataccccactatgcttagccctaaacacaaataatcatatcaacaaaattattcgccagagtactaccggcaatagcctaaaactcaaaggacttggcggtgctttatacccttctagaggagcctgttcta,MK644928.1,99.265,Moose,Alces alces
M05712:22:000000000-C88B6:1:1112:11260:17984_CONS,ttagataccccactatgcttagccctaaacacaaataattatatcaacaaagttattcgccagagtactaccggcaatagcctaaaactcaaaggacttggcggtgctttatacccttctagaggagcctgttcta,MK644928.1,99.265,Moose,Alces alces
M05712:22:000000000-C88B6:1:1112:12961:18833_CONS,ttagataccccactatgcttagccctaaacacaaataattatatcaacaaaattattcgccagggtactaccggcaatagcctaaaactcaaaggacttggcggtgctttatacccttctagaggagcctgttcta,MK644928.1,99.265,Moose,Alces alces
M05712:22:000000000-C88B6:1:1112:14673:4126_CONS,ttagataccccactatgcttagccctaaacataaatagttatataaacaaaactattcgccagagtactaccggcaatagcttaaaactcaaaggacttggcggtgctttatatccttctagaggagcctgttcta,KX381756.1,99.265,Deer,Odocoileus sp.
M05712:22:000000000-C88B6:1:1112:16082:22015_CONS,ttagataccccactatgcttagccctaaacataaatagttgtataaacaaaactattcgccagagtactaccggcaatagcttaaaactcaaaggacttggcggtgctttatacccttctagaggagcctgttcta,KM612279.1,100,Deer,Odocoileus sp.
M05712:22:000000000-C88B6:1:1112:18652:6103_CONS,ttagataccccactatgcttagccctaaacacaaataattatatcaacaaaattattcgccagagtactaccggcaatagcctaaaactcaaaggacttggcggtgcttcatacccttctagaggagcctgttcta,MK644928.1,99.265,Moose,Alces alces
M05712:22:000000000-C88B6:1:1112:21581:18006_CONS,ttagatacccactatgcttagccctaaacataaatagttatataaacaaaactattcgccagagtactaccggcaatagcttaaaactcaaaggacttggcggtgctttatacccttctagaggagcctgttcta,KX381756.1,99.265,Deer,Odocoileus sp.
M05712:22:000000000-C88B6:1:1112:22075:7493_CONS,ttagataccccactatgcttagccctaaacataaatagttatataaacaaaactattcgccagagtactaccggcaatagcttaaaactcaaaggacttggcggtgctttatacccttctagaggacctgttcta,KX381756.1,99.265,Deer,Odocoileus sp.
M05712:22:000000000-C88B6:1:1112:22560:24035_CONS,ttagataccccactatgcctagccttaaacacaaatagctatgtaaacaagactgttcgccagagtactaccggcaatagcttaaaactcaaaggacttggcggtgctttatacccttctagaggagcctgttcta,MT430939.1,99.265,Elk,Cervus canadensis
M05712:22:000000000-C88B6:1:1112:22827:20161_CONS,ttagataccccactatgcttagccctaaacgtaaatagttatataaacaaaactattcgccagagtactaccggcaatagcttaaaactcaaaggacttggcggtgctttatacccttctagaggagcctgttcta,KX381756.1,99.265,Deer,Odocoileus sp.
M05712:22:000000000-C88B6:1:1112:25787:9865_CONS,ttagataccccactatgcttagctctaaacacaaataattatatcaacaaaattattcgccagagtactaccggcaatagcctaaaactcaaaggacttggcggtgctttatacccttctagaggagcctgttcta,MK644928.1,99.265,Moose,Alces alces
M05712:22:000000000-C88B6:1:1113:10595:18789_CONS,ttagataccccactatgtctagccttaaacacaaatagttatgtaaacaagactgttcgccagagtactaccggcaatagcttaaaactcaaaggacttggcggtgctttatacccttctagaggagcctgttcta,MT430939.1,99.265,Elk,Cervus canadensis
M05712:22:000000000-C88B6:1:1113:12084:18578_CONS,ttagataccccactatgcttagccctaaacacaaataattgtatcaacaaaattattcgccagagtactaccggcaatagcctaaaactcaaaggacttggcggtgctttatacccttctagaggagcctgttcta,MK644928.1,99.265,Moose,Alces alces
M05712:22:000000000-C88B6:1:1113:17358:15240_CONS,ttagataccccactatgcttagccctaaacacaaataactatatcaacaaaattattcgccagagtactaccggcaatagcctaaaactcaaaggacttggcggtgctttatacccttctagaggagcctgttcta,MK644928.1,99.265,Moose,Alces alces
M05712:22:000000000-C88B6:1:1113:19038:12277_CONS,ttagataccccactatgcttagccctaaacataaatagttatataaacaaaactattcgccagagtactaccggcaatagcttaaaactcaaaggacttggcggtgctctatacccttctagaggagcctgttcta,KX381756.1,99.265,Deer,Odocoileus sp.
M05712:22:000000000-C88B6:1:1113:24442:13337_CONS,ttagataccccactatgcttagccctaaacataaatagttatataaacaaaactattcgccagagtactaccggcaatagcttaaaactcaaagggcttggcggtgctttatacccttctagaggagcctgttcta,KX381756.1,99.265,Deer,Odocoileus sp.
M05712:22:000000000-C88B6:1:1113:24532:7665_CONS,ttagataccccactatgcctagccctaaacacaaatagttatgtaaacaagactgttcgccagagtactaccggcaatagcttaaaactcaaaggacttggcggtgctttatacccttctagaggagcctgttcta,MT430939.1,99.265,Elk,Cervus canadensis
M05712:22:000000000-C88B6:1:1113:24565:15989_CONS,ttagataccccactatgcttagccccaaacacaaataattatatcaacaaaattattcgccagagtactaccggcaatagcctaaaactcaaaggacttggcggtgctttatacccttctagaggagcctgttcta,MK644928.1,99.265,Moose,Alces alces
M05712:22:000000000-C88B6:1:1113:3595:11362_CONS,ttagataccccactatgcttagccctaacacaaataattatatcaacaaaattattcgccagagtactaccggcaatagcctaaaactcaaaggacttggcggtgctttatacccttctagaggagcctgttcta,MK644928.1,99.265,Moose,Alces alces
M05712:22:000000000-C88B6:1:1113:6731:6188_CONS,ttagataccccactatgcttagccctaaacacaaatactcaataaacaagagtattcgccagagtactactagcaacagcctaaaactcaaaggacttggcggtgctttacatccctctagaggagcctgttcta,KY070157.1,100,Chipmunk,Tamias sp.
M05712:22:000000000-C88B6:1:1114:10843:3935_CONS,ttagataccccactatgcctagccttaaacacaaatagttgtgtaaacaagactgttcgccagagtactaccggcaatagcttaaaactcaaaggacttggcggtgctttatacccttctagaggagcctgttcta,MT430939.1,99.265,Elk,Cervus canadensis
M05712:22:000000000-C88B6:1:1114:11440:17578_CONS,ttagataccccactatgcttagccctaaacacaaataattatatcagcaaaattattcgccagagtactaccggcaatagcctaaaactcaaaggacttggcggtgctttatacccttctagaggagcctgttcta,MK644928.1,99.265,Moose,Alces alces
M05712:22:000000000-C88B6:1:1114:12227:22300_CONS,ttagataccccactatgcttagccctaaacataaatagttatataaacaaaactattcgccagagtactaccggcaatagcttaaaactcaaaggacttggcagtgctttatacccttctagaggagcctgttcta,KX381756.1,99.265,Deer,Odocoileus sp.
M05712:22:000000000-C88B6:1:1114:16545:20583_CONS,ttagataccccactatgcctggccttaaacacaaatagttatgtaaacaagactgttcgccagagtactaccggcaatagcttaaaactcaaaggacttggcggtgctttatacccttctagaggagcctgttcta,MT430939.1,99.265,Elk,Cervus canadensis
M05712:22:000000000-C88B6:1:1114:16833:14052_CONS,ttagataccccactatgcttagccctaaacataaatagttatataaacaaaactatttgccagagtactaccggcaatagcttaaaactcaaaggacttggcggtgctttatacccttctagaggagcctgttcta,KX381756.1,99.265,Deer,Odocoileus sp.
M05712:22:000000000-C88B6:1:1114:19370:5842_CONS,ttagataccccactatgcttagccctaaacacaaataattatatcaacaaaattattcgccagagtactaccggtaatagcctaaaactcaaaggacttggcggtgctttatacccttctagaggagcctgttcta,MK644928.1,99.265,Moose,Alces alces
M05712:22:000000000-C88B6:1:1114:19633:12613_CONS,ttagataccccactatgcttagccctaaacacaaatgattatatcaacaaaattattcgccagagtactaccggcaatagcctaaaactcaaaggacttggcggtgctttatacccttctagaggagcctgttcta,MK644928.1,99.265,Moose,Alces alces
M05712:22:000000000-C88B6:1:1114:5636:17128_CONS,ttagataccccactatgcttagccctaaacataaatagttatataaacaaaactattcgccagagtactaccggcaatagcttaaaactcaaaggacttggcggtgctttatacccttctagaggagcctgtcta,KX381756.1,99.265,Deer,Odocoileus sp.
M05712:22:000000000-C88B6:1:1114:6922:18769_CONS,ttagataccccactatgcttagccctaaacacaaataattataacaacaaaattattcgccagagtactaccggcaatagcctaaaactcaaaggacttggcggtgctttatacccttctagaggagcctgttcta,MK644928.1,99.265,Moose,Alces alces
M05712:22:000000000-C88B6:1:1115:13363:23829_CONS,ttagataccccactatgcttagccctaaacataaatagttatatgaacaaaactattcgccagagtactaccggcaatagcttaaaactcaaaggacttggcggtgctttatacccttctagaggagcctgttcta,KX381756.1,99.265,Deer,Odocoileus sp.
M05712:22:000000000-C88B6:1:1115:15052:10498_CONS,ttagataccccactatgcttagccctaaacctagataattccagaacaaagttattcgccagagaactacaagccagagcttaaaactcaaaggacttggcggtgctttatacccgcctagaggagcctgttcta,KJ397613.1,99.259,Snowshoe hare,Lepus americanus
M05712:22:000000000-C88B6:1:1115:16878:20743_CONS,ttagataccccactatgcttagccctaaacataaatagttatataaacaaaactattcgccagagtactaccggcaatagcttaaaactcaaaggacttagcggtgctttatacccttctagaggagcctgttcta,KX381756.1,99.265,Deer,Odocoileus sp.
M05712:22:000000000-C88B6:1:1115:19287:23258_CONS,ttagataccccactatgcttagccctaaatataaatagttatataaacaaaactattcgccagagtactaccggcaatagcttaaaactcaaaggacttggcggtgctttatacccttctagaggagcctgttcta,KX381756.1,99.265,Deer,Odocoileus sp.
M05712:22:000000000-C88B6:1:1115:20571:23837_CONS,ttagataccccactatgcttagttctaaacccaaatagttcaaccaacaaaactattcaccagagtactacaagcaacagcttaagactcaaaagacttggcagtgctttatattcctctagaggagcctgttcta,XR_004027927.1,99.265,Human,Homo sapiens
M05712:22:000000000-C88B6:1:1115:3091:12040_CONS,ttagtaccccactatgcttagccctaaacataaatagttatataaacaaaactattcgccagagtactaccggcaatagcttaaaactcaaaggacttggcggtgctttatacccttctagaggagcctgttcta,KX381756.1,99.265,Deer,Odocoileus sp.
M05712:22:000000000-C88B6:1:1115:8149:11628_CONS,ttagataccccactatgcttagccctaaacacaaataattatatcaacaaaattattcgccagagtactaccggcaatagcccaaaactcaaaggacttggcggtgctttatacccttctagaggagcctgttcta,MK644928.1,99.265,Moose,Alces alces
M05712:22:000000000-C88B6:1:1116:25972:8899_CONS,ttagataccccactatgcttagccctaagcacaaataattatatcaacaaaattattcgccagagtactaccggcaatagcctaaaactcaaaggacttggcggtgctttatacccttctagaggagcctgttcta,MK644928.1,99.265,Moose,Alces alces
M05712:22:000000000-C88B6:1:1116:6577:11785_CONS,ttagataccccactatgcttagccctagacataaatagttatataaacaaaactattcgccagagtactaccggcaatagcttaaaactcaaaggacttggcggtgctttatacccttctagaggagcctgttcta,KX381756.1,99.265,Deer,Odocoileus sp.
M05712:22:000000000-C88B6:1:1116:9922:11159_CONS,ttagataccccactatgcttagccctaaacacaaataattatatcaacaaaattattcgccagagtactaccggcaatagcctaaaactcaaaggacttggcggtgctttacacccttctagaggagcctgttcta,MK644928.1,99.265,Moose,Alces alces
M05712:22:000000000-C88B6:1:1117:15904:12391_CONS,ttagataccccactatgcttagccctaaacacaaataattatgtcaacaaaattattcgccagagtactaccggcaatagcctaaaactcaaaggacttggcggtgctttatacccttctagaggagcctgttcta,MK644928.1,99.265,Moose,Alces alces
M05712:22:000000000-C88B6:1:1117:17070:22039_CONS,ttagataccccactatgcctagccttaaacacaaatagttatgtaaacaagactgttcgccagagtactaccggcaatagcttaaaactcaaaggacttggcagtgctttatacccttctagaggagcctgttcta,MT430939.1,99.265,Elk,Cervus canadensis
M05712:22:000000000-C88B6:1:1117:19375:19153_CONS,ttagataccccactatgcttagccctaaacataaatagttatataaacaaaactattcgccagagtactaccggcaatagcttaaaactcaaaggacttggcggcgctttatacccttctagaggagcctgttcta,KX381756.1,99.265,Deer,Odocoileus sp.
M05712:22:000000000-C88B6:1:1117:21214:21510_CONS,ttagataccccactatgcctagccttaaacacaaatagttatgtaaacaagactgttcgccagagtactactggcaatagcttaaaactcaaaggacttggcggtgctttatacccttctagaggagcctgttcta,MT430939.1,99.265,Elk,Cervus canadensis
M05712:22:000000000-C88B6:1:1117:23460:6948_CONS,ttagataccccactatgcttagccctaaacacaaataattatatcaacaaaattattcgccagagtactaccggcaatagcctaaaactcaaagggcttggcggtgctttatacccttctagaggagcctgttcta,MK644928.1,99.265,Moose,Alces alces
M05712:22:000000000-C88B6:1:1117:23970:5062_CONS,ttagataccccactatgcttagccctaaacataaatagttatataaacaaaactattcgccagagtactaccggcaatagcttaaaactcaaaggacttggcggtgctttatacccttctagagagcctgttcta,KX381756.1,99.265,Deer,Odocoileus sp.
M05712:22:000000000-C88B6:1:1117:5930:22750_CONS,ttagataccccactatgcttagccttaaacacaaatagttatgtaaacaagactgttcgccagagtactaccggcaatagcttaaaactcaaaggacttggcggtgctttatacccttctagaggagcctgttcta,MT430939.1,99.265,Elk,Cervus canadensis
M05712:22:000000000-C88B6:1:1118:15268:11490_CONS,ttagataccccactatgcttagccctaaacacaaataattatatcaacaaaattattcaccagagtactaccggcaatagcctaaaactcaaaggacttggcggtgctttatacccttctagaggagcctgttcta,MK644928.1,99.265,Moose,Alces alces
M05712:22:000000000-C88B6:1:1118:23106:23166_CONS,ttagataccccactatgcttagccctaaacataaatattcaacaaacaagaatattcgccagagaactactcgcaatagcctaaaactcaaaggacttggcggtgctttatacccctctagaggagcctgttcta,KP698976.1,98.519,Ground squirrel,Urocitellus sp.
M05712:22:000000000-C88B6:1:1118:5514:16776_CONS,ttagataccccactatgcttagccctaaacataaatagttatataaacaaaactattcgccagagtactaccggcaatagcttaaaactcagaggacttggcggtgctttatacccttctagaggagcctgttcta,KX381756.1,99.265,Deer,Odocoileus sp.
M05712:22:000000000-C88B6:1:1119:11854:22819_CONS,ttagtaccccactatgcctagccttaaacacaaatagttatgtaaacaagactgttcgccagagtactaccggcaatagcttaaaactcaaaggacttggcggtgctttatacccttctagaggagcctgttcta,MT430939.1,99.265,Elk,Cervus canadensis
M05712:22:000000000-C88B6:1:1119:13183:15512_CONS,ttagataccccactatgcttagccctaaacataaatagttatataaacaaaactattcgccagagtactaccagcaatagcttaaaactcaaaggacttggcggtgctttatacccttctagaggagcctgttcta,KX381756.1,99.265,Deer,Odocoileus sp.
M05712:22:000000000-C88B6:1:1119:23094:9434_CONS,ttagataccccactatgcttagccctaaacataaatagttatataaacaaaactattcgccagagtactaccggcaatagcttaaaactcaaaggacttggtggtgctttatacccttctagaggagcctgttcta,KX381756.1,99.265,Deer,Odocoileus sp.
M05712:22:000000000-C88B6:1:1119:7725:3590_CONS,ttagataccccactatgcttagccctaaacataaatagttatataaacaagactattcgccagagtactaccggcaatagcttaaaactcaaaggacttggcggtgctttatacccttctagaggagcctgttcta,KX381756.1,99.265,Deer,Odocoileus sp.
M05712:22:000000000-C88B6:1:2101:15193:8594_CONS,ttagataccccactatgctcagccctaaacacaaataattatatcaacaaaattattcgccagagtactaccggcaatagcctaaaactcaaaggacttggcggtgctttatacccttctagaggagcctgttcta,MK644928.1,99.265,Moose,Alces alces
M05712:22:000000000-C88B6:1:2101:16718:18173_CONS,ttagataccccactatgcttagccctaaacataaataattatataaacaaaactattcgccagagtactaccggcaatagcttaaaactcaaaggacttggcggtgctttatacccttctagaggagcctgttcta,KX381756.1,99.265,Deer,Odocoileus sp.
M05712:22:000000000-C88B6:1:2101:21054:16532_CONS,ttagataccccactatgcctagccttaaacacaaatagttatgtaaacaagaccgttcgccagagtactaccggcaatagcttaaaactcaaaggacttggcggtgctttatacccttctagaggagcctgttcta,MT430939.1,99.265,Elk,Cervus canadensis
M05712:22:000000000-C88B6:1:2101:6004:10382_CONS,ttagataccccactatgcttagccctaaacataaatagttatataaacaaaactattcgccagagtactaccggcaatagcttaaaactcaaaggacctggcggtgctttatacccttctagaggagcctgttcta,KX381756.1,99.265,Deer,Odocoileus sp.
M05712:22:000000000-C88B6:1:2101:8423:20980_CONS,ttagataccccactatgcttagccctaaacataaatagttatataaacaaaactattcgccagagtactaccggcaatagcttaaaactcaaaggacttggcggtgccttatacccttctagaggagcctgttcta,KX381756.1,99.265,Deer,Odocoileus sp.
M05712:22:000000000-C88B6:1:2101:9130:7312_CONS,ttagataccccactatgcttagccctaaacataagtagttatataaacaaaactattcgccagagtactaccggcaatagcttaaaactcaaaggacttggcggtgctttatacccttctagaggagcctgttcta,MK608019.1,99.265,Deer,Odocoileus sp.
M05712:22:000000000-C88B6:1:2103:10169:11848_CONS,ttagataccccactatgcttagccctaaacataaatagttatataaacaaaactattcgccggagtactaccggcaatagcttaaaactcaaaggacttggcggtgctttatacccttctagaggagcctgttcta,KX381756.1,99.265,Deer,Odocoileus sp.
M05712:22:000000000-C88B6:1:2103:13593:13174_CONS,ttagataccccactatgcttagccctaaacacaaataattatatcaacaaaattattcgccagagtactaccggcaatagcctaaaactcaaaggacttggcggtgctttatacccttctagaggacctgttcta,MK644928.1,99.265,Moose,Alces alces
M05712:22:000000000-C88B6:1:2103:14079:24372_CONS,ttagataccccactatgcttagccctaaacacaaataattatatcaacaaaattattcgccagagtactaccggcaatagcctagaactcaaaggacttggcggtgctttatacccttctagaggagcctgttcta,MK644928.1,99.265,Moose,Alces alces
M05712:22:000000000-C88B6:1:2103:21548:23442_CONS,ttagataccccactatgcttagccctaaacataaatagtcatataaacaaaactattcgccagagtactaccggcaatagcttaaaactcaaaggacttggcggtgctttatacccttctagaggagcctgttcta,KX381756.1,99.265,Deer,Odocoileus sp.
M05712:22:000000000-C88B6:1:2103:6828:19956_CONS,ttagataccccactatgcttagccctaaacataaatattcaactaacaagaatattcgccagagaactactagccacagctaaaaactcaaaggacttggcggtgctttatatccctctagaggagcctgttcta,AY227555.1,99.254,Red squirrel,Tamiasciurus hudsonicus
M05712:22:000000000-C88B6:1:2103:9709:7919_CONS,ttagataccccactatgcttagccctaaacataaatagttatataaacgaaactattcgccagagtactaccggcaatagcttaaaactcaaaggacttggcggtgctttatacccttctagaggagcctgttcta,KX381756.1,99.265,Deer,Odocoileus sp.
M05712:22:000000000-C88B6:1:2104:11741:14824_CONS,ttagataccccactatgcttagccctaaacctagataattccagagcaaaattattcgccagagaactacaagccagagcttaaaactcaaaggacttggcggtgctttatacccgcctagaggagcctgttcta,KJ397613.1,99.259,Snowshoe hare,Lepus americanus
M05712:22:000000000-C88B6:1:2104:19530:21946_CONS,ttagataccccactatgcctagccctaaacataaatagttatataaacaaaactattcgccagagtactaccggcaatagcttaaaactcaaaggacttggcggtgctttatacccttctagaggagcctgttcta,KX381756.1,99.265,Deer,Odocoileus sp.
M05712:22:000000000-C88B6:1:2104:24860:7420_CONS,ttagataccccactatgcttagccctaaacctagataactccagaacaaaattattcgccagagaactacaagccagagcttaaaactcaaaggacttggcggtgctttatacccgcctagaggagcctgttcta,KJ397613.1,99.259,Snowshoe hare,Lepus americanus
M05712:22:000000000-C88B6:1:2104:9002:12858_CONS,ttagataccccactatgcttagccctaaacataaatagttatataaacaaaactactcgccagagtactaccggcaatagcttaaaactcaaaggacttggcggtgctttatacccttctagaggagcctgttcta,KX381756.1,99.265,Deer,Odocoileus sp.
M05712:22:000000000-C88B6:1:2105:22124:16418_CONS,ttagataccccactatgcttagccctaaacacaaataattatatcaacaaaattattcgccagagtactactggcaatagcctaaaactcaaaggacttggcggtgctttatacccttctagaggagcctgttcta,MK644928.1,99.265,Moose,Alces alces
M05712:22:000000000-C88B6:1:2105:22788:23165_CONS,ttagataccccactatgcttagccctaaacacaaataattatatcaacaaaattattcgccagagtaccaccggcaatagcctaaaactcaaaggacttggcggtgctttatacccttctagaggagcctgttcta,MK644928.1,99.265,Moose,Alces alces
M05712:22:000000000-C88B6:1:2105:27193:10557_CONS,ttagataccccactatgcttagccctaaacacaaataattatatcaacaaaattattcgccagagtactaccggcaatagcctaaaactcaaaggacttggcggtgctttatacccttctagagagcctgttcta,MK644928.1,99.265,Moose,Alces alces
M05712:22:000000000-C88B6:1:2105:8272:3596_CONS,ttagataccccactatgcttagccctaaacgcaaataattatatcaacaaaattattcgccagagtactaccggcaatagcctaaaactcaaaggacttggcggtgctttatacccttctagaggagcctgttcta,MK644928.1,99.265,Moose,Alces alces
M05712:22:000000000-C88B6:1:2106:14225:11070_CONS,ttagataccccactatgcttagccctaaacataaatattcaactaacaagaatattcgccagagaactactagccacagctaaaaactcaaaggacttggcggtgctttatacccctctagaggagcctgttcta,AY227555.1,100,Red squirrel,Tamiasciurus hudsonicus
M05712:22:000000000-C88B6:1:2106:17715:10822_CONS,ttagataccccactatgcttagccctaaacataaatagttatataaacaaaactattcgccagagtactaccggtaatagcttaaaactcaaaggacttggcggtgctttatacccttctagaggagcctgttcta,KX381756.1,99.265,Deer,Odocoileus sp.
M05712:22:000000000-C88B6:1:2106:17924:20672_CONS,ttagataccccactatgcttagccctaaacacaaataattatatcaacaaaattattcgccagagtactaccggcaatagcctaaaactcaagggacttggcggtgctttatacccttctagaggagcctgttcta,MK644928.1,99.265,Moose,Alces alces
M05712:22:000000000-C88B6:1:2107:16013:12844_CONS,ttagataccccactatgcttagccctaaacataaatagttatataaacaaaactattcgccagagtactaccggcaatagcttaaaactcaaaggacttggcggtgctttatacccttctagaggagcctgttca,KX381756.1,100,Deer,Odocoileus sp.
M05712:22:000000000-C88B6:1:2107:18403:4853_CONS,ttagataccccactatgcttagccctaaacataaatagttatataaacaaaactattcgccagagtactaccggcaacagcttaaaactcaaaggacttggcggtgctttatacccttctagaggagcctgttcta,KX381756.1,99.265,Deer,Odocoileus sp.
M05712:22:000000000-C88B6:1:2107:21923:16400_CONS,ttagataccccactatgcttagccctaaacacaaataattatatcaacaaaattattcgctagagtactaccggcaatagcctaaaactcaaaggacttggcggtgctttatacccttctagaggagcctgttcta,MK644928.1,99.265,Moose,Alces alces
M05712:22:000000000-C88B6:1:2107:21946:8108_CONS,ttagataccccactatgcttagccctaaacctagataattccagaacaaaattattcgccagggaactacaagccagagcttaaaactcaaaggacttggcggtgctttatacccgcctagaggagcctgttcta,KJ397613.1,99.259,Snowshoe hare,Lepus americanus
M05712:22:000000000-C88B6:1:2108:11664:14343_CONS,ttagataccccactatgcttagccctaaacataaatagttacataaacaaaactattcgccagagtactaccggcaatagcttaaaactcaaaggacttggcggtgctttatacccttctagaggagcctgttcta,JN632657.1,100,Deer,Odocoileus sp.
M05712:22:000000000-C88B6:1:2108:18417:6497_CONS,ttgataccccactatgcttagccctaaacacaaataattatatcaacaaaattattcgccagagtactaccggcaatagcctaaaactcaaaggacttggcggtgctttatacccttctagaggagcctgttcta,MK644928.1,100,Moose,Alces alces
M05712:22:000000000-C88B6:1:2108:18771:6519_CONS,ttagataccccactatgcctggcccttaatccagatacttatatacccctgtatccgcccgagaactacgagcacaaacgcttaaaactctaaggacttggcggtgccccaaacccacctagaggagcctgttcta,KC785605.1,99.265,Ruffed grouse,Bonasa umbellus
M05712:22:000000000-C88B6:1:2108:3948:10297_CONS,ttagataccccactatgcttagccctaaacctagataattccagaacaaaattattcgccagagaactacaagccagagcttaaaactcaaaggacttggcggtgctttatacccgcccagaggagcctgttcta,KJ397613.1,99.259,Snowshoe hare,Lepus americanus
M05712:22:000000000-C88B6:1:2109:12927:6789_CONS,ttagataccccactatgcttagtcctaaacacaaataattatatcaacaaaattattcgccagagtactaccggcaatagcctaaaactcaaaggacttggcggtgctttatacccttctagaggagcctgttcta,MK644928.1,99.265,Moose,Alces alces
M05712:22:000000000-C88B6:1:2110:16867:2796_CONS,ttagataccccactatgcttagccctaaacataaataattatatcaacaaaattattcgccagagtactaccggcaatagcctaaaactcaaaggacttggcggtgctttatacccttctagaggagcctgttcta,MK644928.1,99.265,Moose,Alces alces
M05712:22:000000000-C88B6:1:2110:17900:6566_CONS,ttagataccccactatgcttagccctaaacataaatagttatataaacaaaactattcgccagagtactaccggcaatagcttaaaacttaaaggacttggcggtgctttatacccttctagaggagcctgttcta,KX381756.1,99.265,Deer,Odocoileus sp.
M05712:22:000000000-C88B6:1:2110:22105:16052_CONS,ttagataccccactatgcttagccctaaacataaatagttatataaacaaaactattcgccagagtactaccggcaatagcttaagactcaaaggacttggcggtgctttatacccttctagaggagcctgttcta,KX381756.1,99.265,Deer,Odocoileus sp.
M05712:22:000000000-C88B6:1:2110:28906:9829_CONS,ttagataccccactatgcttagccctaaacataaatagttatataaacaaaactattcgccagagtactaccggcaatggcttaaaactcaaaggacttggcggtgctttatacccttctagaggagcctgttcta,KX381756.1,99.265,Deer,Odocoileus sp.
M05712:22:000000000-C88B6:1:2111:10520:21085_CONS,ttagataccccactatgcctagccctaaacacaaataattatatcaacaaaattattcgccagagtactaccggcaatagcctaaaactcaaaggacttggcggtgctttatacccttctagaggagcctgttcta,MK644928.1,99.265,Moose,Alces alces
M05712:22:000000000-C88B6:1:2111:24774:15437_CONS,ttagataccccactatgcttagccctaaacataaatagttatataaacaaaactattcgccagagtactaccggcaatagcttaaaactcaagggacttggcggtgctttatacccttctagaggagcctgttcta,KX381756.1,99.265,Deer,Odocoileus sp.
M05712:22:000000000-C88B6:1:2111:27765:13370_CONS,ttagataccccactatgcttagccctaaacataaatagttatataaacaaaactattcgccagagtactaccggcaatagcttaaaactcaaaggactcggcggtgctttatacccttctagaggagcctgttcta,KX381756.1,99.265,Deer,Odocoileus sp.
M05712:22:000000000-C88B6:1:2111:6664:10648_CONS,ttagataccccactatgcttagccctaaacataaatagttatataaacaaaaccattcgccagagtactaccggcaatagcttaaaactcaaaggacttggcggtgctttatacccttctagaggagcctgttcta,KX381756.1,99.265,Deer,Odocoileus sp.
M05712:22:000000000-C88B6:1:2112:26185:19171_CONS,ttagataccccactatgcttagccctaaacataaatagttatataaacaaaactattcgccagagtactaccggcaatagcttaaaactcaaaggacttggcggtgctttatacccttccagaggagcctgttcta,KX381756.1,99.265,Deer,Odocoileus sp.
M05712:22:000000000-C88B6:1:2112:27104:10772_CONS,ttagataccccactatgcttagccctaaacataaatagttatataaacaaaactattcgccagagtactaccggcaatagcttaaaactcaaaggacttggcggtgctttgtacccttctagaggagcctgttcta,KX381756.1,99.265,Deer,Odocoileus sp.
M05712:22:000000000-C88B6:1:2112:9452:24407_CONS,ttagataccccactatgcttagccctaaaccccaacagttaaatcaacaaaactgctcgccagaacactacgagccacagcttaaaactcaaaggacctggcggtgcttcatatccctctagaggagcctgttcta,MG660548.1,100,Human,Homo sapiens
M05712:22:000000000-C88B6:1:2113:15753:3121_CONS,ttagataccccactatgcttagccctaaacataaatagttatataaacaaaactattcgccagagtactaccggcaatagcttagaactcaaaggacttggcggtgctttatacccttctagaggagcctgttcta,KX381756.1,99.265,Deer,Odocoileus sp.
M05712:22:000000000-C88B6:1:2113:21662:15935_CONS,ttagataccccactatgcttagccctaaacacaaataattatatcaacaaaattattcgccagagtactaccggcaatagcctaaaactcgaaggacttggcggtgctttatacccttctagaggagcctgttcta,MK644928.1,99.265,Moose,Alces alces
M05712:22:000000000-C88B6:1:2113:24795:22129_CONS,ttagataccccactatgcttagccctaaacataaatagttatataaacaaaattattcgccagagtactaccggcaatagcttaaaactcaaaggacttggcggtgctttatacccttctagaggagcctgttcta,KX381756.1,99.265,Deer,Odocoileus sp.
M05712:22:000000000-C88B6:1:2113:25472:18261_CONS,ttagataccccactatgcttagccctaaacataaatagttatataaacaaagctattcgccagagtactaccggcaatagcttaaaactcaaaggacttggcggtgctttatacccttctagaggagcctgttcta,KX381756.1,99.265,Deer,Odocoileus sp.
M05712:22:000000000-C88B6:1:2113:9333:24578_CONS,ttagataccccactatgcttagccctaaacacaaatagttatataaacaaaactattcgccagagtactaccggcaatagcttaaaactcaaaggacttggcggtgctttatacccttctagaggagcctgttcta,JN632692.1,100,Deer,Odocoileus sp.
M05712:22:000000000-C88B6:1:2114:18262:3589_CONS,ttagataccccactatgcttagccctaaacataaatagttatataaacaaaactattcgccagagtaccaccggcaatagcttaaaactcaaaggacttggcggtgctttatacccttctagaggagcctgttcta,KX381756.1,99.265,Deer,Odocoileus sp.
M05712:22:000000000-C88B6:1:2115:19649:16046_CONS,ttagataccccactatgcttagccctaaacctagataattccaaaacaaaattattcgccagagaactacaagccagagcttaaaactcaaaggacttggcggtgctttatacccgcctagaggagcctgttcta,KJ397613.1,99.259,Snowshoe hare,Lepus americanus
M05712:22:000000000-C88B6:1:2115:28011:8603_CONS,ttagataccccactatgcttagccctaaacataaatagttatataaacaaaactattcgccagagtactaccggcagtagcttaaaactcaaaggacttggcggtgctttatacccttctagaggagcctgttcta,KX381756.1,99.265,Deer,Odocoileus sp.
M05712:22:000000000-C88B6:1:2115:29095:14904_CONS,ttagataccccactatgcttagccttaaacataaatagttatataaacaaaactattcgccagagtactaccggcaatagcttaaaactcaaaggacttggcggtgctttatacccttctagaggagcctgttcta,KX381756.1,99.265,Deer,Odocoileus sp.
M05712:22:000000000-C88B6:1:2115:6404:7497_CONS,ttagataccccactatgcttagccctaaacataaatagttatataaacaaaactattcgccagagtactaccggcaatagcttaaaactcaaaggacttggcgatgctttatacccttctagaggagcctgttcta,KX381756.1,99.265,Deer,Odocoileus sp.
M05712:22:000000000-C88B6:1:2116:17875:23782_CONS,ttagataccccactatgcttagccctaaacttcaacatttacaaaacaaaaatatttgcctgagaactactagccacagcttaaaactcaaaggacttggcggtactttatatccatctagaggagcctgttcta,MK482363.1,100,Red-backed vole,Myodes sp
M05712:22:000000000-C88B6:1:2116:27955:16302_CONS,ttagataccccactatgcttagccctaaacataaatagttatataaacaaaactattcgccagagtactaccggcaatagcttaaaactcaaaggacttggcggtgctttatacccttctagaggagcctgttct,KX381756.1,100,Deer,Odocoileus sp.
M05712:22:000000000-C88B6:1:2116:9310:22048_CONS,ttagataccccactatgcttagccctaaacataaatagttatataaacaaaactattcgccagagtactatcggcaatagcttaaaactcaaaggacttggcggtgctttatacccttctagaggagcctgttcta,KX381756.1,99.265,Deer,Odocoileus sp.
M05712:22:000000000-C88B6:1:2117:12368:15856_CONS,ttagataccccactatgcttagccctaaacacaaatagttatatgaacaaaactattcgccagagtactaccggcaatagcttaaaactcaaaggacttggcggtgctttatacccttctagaggagcctgttcta,KX381420.1,99.265,Deer,Odocoileus sp.
M05712:22:000000000-C88B6:1:2117:15832:12635_CONS,ttagataccccactatgcttagccctaaacacaaataattatatcaacaaaattattcgccggagtactaccggcaatagcctaaaactcaaaggacttggcggtgctttatacccttctagaggagcctgttcta,MK644928.1,99.265,Moose,Alces alces
M05712:22:000000000-C88B6:1:2117:16058:10049_CONS,ttagataccccactatgcttagccctaaacctagataattccagaacaaaattattcgccagagagctacaagccagagcttaaaactcaaaggacttggcggtgctttatacccgcctagaggagcctgttcta,KJ397613.1,99.259,Snowshoe hare,Lepus americanus
M05712:22:000000000-C88B6:1:2117:25257:5971_CONS,ttagataccccactatgcttagccctaaacataaatagttatataaacagaactattcgccagagtactaccggcaatagcttaaaactcaaaggacttggcggtgctttatacccttctagaggagcctgttcta,KX381756.1,99.265,Deer,Odocoileus sp.
M05712:22:000000000-C88B6:1:2117:2635:12289_CONS,ttagataccccactatgcttagccctaaacataaatagttatataaacaaaactattcgctagagtactaccggcaatagcttaaaactcaaaggacttggcggtgctttatacccttctagaggagcctgttcta,KX381756.1,99.265,Deer,Odocoileus sp.
M05712:22:000000000-C88B6:1:2118:10992:4785_CONS,ttagataccccactatgcttagccctaaacacaaataattatatcaacaaaattattcgccagagtactaccggcaatagcctaaaactcaaaggacttggcggtgctttatgcccttctagaggagcctgttcta,MK644928.1,99.265,Moose,Alces alces
M05712:22:000000000-C88B6:1:2118:19764:21477_CONS,ttagataccccactatgcttagccctaaacacaaataattatatcaacaaaattattcgccagagtactaccggcaatagcctaaactcaaaggacttggcggtgctttatacccttctagaggagcctgttcta,MK644928.1,99.265,Moose,Alces alces
M05712:22:000000000-C88B6:1:2119:15290:8171_CONS,ttagataccccactatgcttagtcctaaacataaatagttatataaacaaaactattcgccagagtactaccggcaatagcttaaaactcaaaggacttggcggtgctttatacccttctagaggagcctgttcta,KX381756.1,99.265,Deer,Odocoileus sp.
M05712:22:000000000-C88B6:1:2119:26677:14632_CONS,ttagataccccactatgctcagccctaaacataaatagttatataaacaaaactattcgccagagtactaccggcaatagcttaaaactcaaaggacttggcggtgctttatacccttctagaggagcctgttcta,KX381756.1,99.265,Deer,Odocoileus sp.
M05712:22:000000000-C88B6:1:2119:3832:17345_CONS,ttagataccccactatgcttagccctaaacacaaataattatatcaacaaaattattcgccagagtactaccggcaatagcctaaaactcaaaggacttggtggtgctttatacccttctagaggagcctgttcta,MK644928.1,99.265,Moose,Alces alces
M05712:22:000000000-C88B6:1:1103:23755:23420_CONS,ttagataccccactatgcttagccctaaacctaaataatttcataataaaattattcgccagagaactacaagccagagcttaaaactcaaaggacttggcggtgctttatacccgcctagaggagcctgttcta,AB058613.1,98.5,Snowshoe hare,Lepus americanus
M05712:22:000000000-C88B6:1:1109:27387:20616_CONS,ttagataccccactatgcttagccctaaacacaaatagttgcataaacaaaactattcaccagagtactaccggcaatagcttaaaactcaaaggacttggcggtgctttatacccttctagaggagcctgttcta,KX381518.1,98.5,Deer,Odocoileus sp.
M05712:22:000000000-C88B6:1:1101:10061:15579_CONS,gttagataccccactatgcttagccctaaacatagataattttacaacaaaataattcgccagaggactactagcaatagcttaaaactcaaaggacttggcggtgctttatatccctctagaggagcctgttcta,MN181405.1,100,Wolf or Coyote,Canis sp.
M05712:22:000000000-C88B6:1:1101:11778:16520_CONS,ttagataccccactatgcttagccctaaacgtagataattttacaacaaaataattcgccagaggactactagcaatagcttaaaactcaaaggacttggcggtgctttatatccctctagaggagcctgttcta,MN181405.1,99.259,Wolf or Coyote,Canis sp.
M05712:22:000000000-C88B6:1:1101:13476:3741_CONS,ttagataccccactatgcttagccctaaacatagataatcttacaacaaaataattcgccagaggactactagcaatagcttaaaactcaaaggacttggcggtgctttatatccctctagaggagcctgttcta,MN181405.1,99.259,Wolf or Coyote,Canis sp.
M05712:22:000000000-C88B6:1:1101:15364:2108_CONS,ttagataccccactatgcttagccctaaacatagataattttacaacaaaataattcgccagaggactactagcaatagcttaaaactcaaaggacttggcggtgctttatatccctctagaggagcctgttcta,MN181405.1,100,Wolf or Coyote,Canis sp.
M05712:22:000000000-C88B6:1:1101:15637:11929_CONS,ttagataccccactatgcttagccctaaacatagacaattttacaacaaaataattcgccagaggactactagcaatagcttaaaactcaaaggacttggcggtgctttatatccctctagaggagcctgttcta,KU290618.1,100,Wolf or Coyote,Canis sp.
M05712:22:000000000-C88B6:1:1101:16882:5274_CONS,ttagataccccactatgcttagccctaaacatagataattttacaacaaaataattcgccagaggactactagcaatagcttaaaactcaaaggacttggcggtgctttatacccgcctagaggagcctgttcta,LR742822.1,98.519,Wolf or Coyote,Canis sp.
M05712:22:000000000-C88B6:1:1101:17026:5526_CONS,ttagataccccactatgcttagccctaaacatagataattttacaacaaaataattcgccagaggactactagcaatagcttaaaactcaagggacttggcggtgctttatatccctctagaggagcctgttcta,MN181405.1,99.259,Wolf or Coyote,Canis sp.
M05712:22:000000000-C88B6:1:1101:22017:15409_CONS,ttagataccccactatgcttagccctaaacatagataattttacaacaaaataattcgccagaggactactggcaatagcttaaaactcaaaggacttggcggtgctttatatccctctagaggagcctgttcta,MN181405.1,99.259,Wolf or Coyote,Canis sp.
M05712:22:000000000-C88B6:1:1101:22374:20865_CONS,ttagataccccactatgcttagccctaaacatagataattttacaacaaaataattcgccagaggactaccagcaatagcttaaaactcaaaggacttggcggtgctttatatccctctagaggagcctgttcta,MN181405.1,99.259,Wolf or Coyote,Canis sp.
M05712:22:000000000-C88B6:1:1101:23800:15796_CONS,ttgataccccactatgcttagccctaaacatagataattttacaacaaaataattcgccagaggactactagcaatagcttaaaactcaaaggacttggcggtgctttatatccctctagaggagcctgttcta,MN181405.1,100,Wolf or Coyote,Canis sp.
M05712:22:000000000-C88B6:1:1101:3280:7623_CONS,ttagataccccactatgcttagccctaaacatagataattttacaacaaaataattcgccagaggactactagcaatagcctaaaactcaaaggacttggcggtgctttatatccctctagaggagcctgttcta,MN181405.1,99.259,Wolf or Coyote,Canis sp.
M05712:22:000000000-C88B6:1:1101:3391:7479_CONS,ttagataccccactatgcttagccctaaacatagataactttacaacaaaataattcgccagaggactactagcaatagcttaaaactcaaaggacttggcggtgctttatatccctctagaggagcctgttcta,MN181405.1,99.259,Wolf or Coyote,Canis sp.
M05712:22:000000000-C88B6:1:1101:3964:8957_CONS,ttagataccccactatgcttagccctaaacatagataattttacaacaaaataattcgccagaggactactagcgatagcttaaaactcaaaggacttggcggtgctttatatccctctagaggagcctgttcta,MN181405.1,99.259,Wolf or Coyote,Canis sp.
M05712:22:000000000-C88B6:1:1101:4419:10597_CONS,ttagataccccactatgcttagccctaaacataaatcagtctataacaaaataattcgccagagaactactagcaacagcttaaatctcaaaggacgtggctgtgctttatatccctctagaggagcctgttcta,CP050601.1,99.259,Wolf or Coyote,Canis sp.
M05712:22:000000000-C88B6:1:1101:5200:9266_CONS,ttagataccccactatgcttagccctaaacatagataattttacaacaaaataattcgccagaggactactagcaatagcttaaaactcaaaggacctggcggtgctttatatccctctagaggagcctgttcta,MN181405.1,99.259,Wolf or Coyote,Canis sp.
M05712:22:000000000-C88B6:1:1101:5887:14017_CONS,ttagataccccactatgcttagccctaaacatagataattttacaacaaaataattcgccagaggactactagcaatagcttaaaactcaaaggacttggcggtactttatatccatctagaggagcctgttcta,LR742791.1,98.519,Wolf or Coyote,Canis sp.
M05712:22:000000000-C88B6:1:1101:6670:3322_CONS,ttagataccccactatgcttagccctaaacatagataattttacaacaaaataattcgccagaggactactagcaatagcttaaaactcaaaggacttggtggtgctttatatccctctagaggagcctgttcta,LR742862.1,100,Wolf or Coyote,Canis sp.
M05712:22:000000000-C88B6:1:1102:10926:21021_CONS,ttagatacccactatgcttagccctaaacatagataattttacaacaaaataattcgccagaggactactagcaatagcttaaaactcaaaggacttggcggtgctttatatccctctagaggagcctgttcta,MN181405.1,99.259,Wolf or Coyote,Canis sp.
M05712:22:000000000-C88B6:1:1102:11026:7777_CONS,ttagataccccactatgcttagccctaaacataagctattctataacaaaataattcgccagagaactactagcaacagcttaaaactcaaaggacttggcggtgctttatacccctctagaggagcctgttcta,AC187326.11,100,Wolf or Coyote,Canis sp.
M05712:22:000000000-C88B6:1:1102:11214:6068_CONS,ttagataccccactatgcttagccctaaacatagataattttgcaacaaaataattcgccagaggactactagcaatagcttaaaactcaaaggacttggcggtgctttatatccctctagaggagcctgttcta,MN181405.1,99.259,Wolf or Coyote,Canis sp.
M05712:22:000000000-C88B6:1:1102:12929:18362_CONS,ttagataccccactatgcttagccctaaacataggtaattttacaacaaaataattcgccagaggactactagcaatagcttaaaactcaaaggacttggcggtgctttatatccctctagaggagcctgttcta,KU290854.1,100,Wolf or Coyote,Canis sp.
M05712:22:000000000-C88B6:1:1102:13688:11752_CONS,ttagataccccactatgcttagccctaaacatagataattttacaacaaaataattcgccagaggactactagcaatagcttaaaacccaaaggacttggcggtgctttatatccctctagaggagcctgttcta,MN181405.1,99.259,Wolf or Coyote,Canis sp.
M05712:22:000000000-C88B6:1:1102:13907:3473_CONS,ttagataccccactatgctcagccctaaacatagataattttacaacaaaataattcgccagaggactactagcaatagcttaaaactcaaaggacttggcggtgctttatatccctctagaggagcctgttcta,MN181405.1,99.259,Wolf or Coyote,Canis sp.
M05712:22:000000000-C88B6:1:1102:15272:16756_CONS,ttagataccccactatgcttagccctaaacatagataattttacaacaaaataattcgccagaggactactagcaatagcttaaaactcagaggacttggcggtgctttatatccctctagaggagcctgttcta,MN181405.1,99.259,Wolf or Coyote,Canis sp.
M05712:22:000000000-C88B6:1:1102:15765:13876_CONS,ttagataccccactatgcttagccctaaacatagataattttacaacaaaataattcgccagaggactactagcaatagcttaaaactcaaaggacttggcggtactttatatccctctagaggagcctgttcta,MN181405.1,99.259,Wolf or Coyote,Canis sp.
M05712:22:000000000-C88B6:1:1102:18743:24710_CONS,ttagatatcccactatgcttagccctaaacatagataattttacaacaaaataattcgccagaggactactagcaatagcttaaaactcaaaggacttggcggtgctttatatccctctagaggagcctgttcta,MN181405.1,99.259,Wolf or Coyote,Canis sp.
M05712:22:000000000-C88B6:1:1102:26985:16864_CONS,ttagataccccactatgcttagccctaaacatagataattttacaacaaaataattcgccagaggactactagcaatagcttaaaactcaaaggacttggcggtgctttatacccttctagaggagcctgttcta,MN071206.1,99.259,Wolf or Coyote,Canis sp.
M05712:22:000000000-C88B6:1:1102:3980:11868_CONS,ttagataccccactatgcttagccctaaacatagataattctacaacaaaataattcgccagaggactactagcaatagcttaaaactcaaaggacttggcggtgctttatatccctctagaggagcctgttcta,MN181405.1,99.259,Wolf or Coyote,Canis sp.
M05712:22:000000000-C88B6:1:1102:4096:6727_CONS,ttagataccccactatgcttagccctaaacatagataattttacaacaaaatgattcgccagaggactactagcaatagcttaaaactcaaaggacttggcggtgctttatatccctctagaggagcctgttcta,MN181405.1,99.259,Wolf or Coyote,Canis sp.
M05712:22:000000000-C88B6:1:1102:8155:19061_CONS,ttagataccccactatgcttagccctaaacatagataattttacaacaaaataattcaccagaggactactagcaatagcttaaaactcaaaggacttggcggtgctttatatccctctagaggagcctgttcta,MN699634.1,99.259,Wolf or Coyote,Canis sp.
M05712:22:000000000-C88B6:1:1103:10332:21623_CONS,ttagataccccactatgcttagccctaaacatagataattttacaacaaaacaattcgccagaggactactagcaatagcttaaaactcaaaggacttggcggtgctttatatccctctagaggagcctgttcta,MN181405.1,99.259,Wolf or Coyote,Canis sp.
M05712:22:000000000-C88B6:1:1103:21671:12352_CONS,ttagataccccactatgcttagccctaaacatagataattttacaacaaaataattcgccagaggactactagcaatagcttaaaactcaaaggacttggcggtgctttatatccccctagaggagcctgttcta,LR742822.1,100,Wolf or Coyote,Canis sp.
M05712:22:000000000-C88B6:1:1103:23455:21278_CONS,ttagataccccactatgcttagccctaaacatagataattttacaacaaaataattcgccagaggactactagcaatagcttaaaactcaaaggacttggcggtgctttatattcctctagaggagcctgttcta,MN181405.1,99.259,Wolf or Coyote,Canis sp.
M05712:22:000000000-C88B6:1:1103:25579:12636_CONS,ttagataccccactatgcttagccctaaacatagataattttacaacagaataattcgccagaggactactagcaatagcttaaaactcaaaggacttggcggtgctttatatccctctagaggagcctgttcta,MN181405.1,99.259,Wolf or Coyote,Canis sp.
M05712:22:000000000-C88B6:1:1103:27011:15257_CONS,ttagataccccactatgcttagccctaaacatagataattttacaacaaaataattcgccagagggctactagcaatagcttaaaactcaaaggacttggcggtgctttatatccctctagaggagcctgttcta,MN181405.1,99.259,Wolf or Coyote,Canis sp.
M05712:22:000000000-C88B6:1:1104:23563:17664_CONS,ttagataccccactatgcttagccctaaacatagataattttacaacaaaataattcgtcagaggactactagcaatagcttaaaactcaaaggacttggcggtgctttatatccctctagaggagcctgttcta,MN181405.1,99.259,Wolf or Coyote,Canis sp.
M05712:22:000000000-C88B6:1:1104:27184:13091_CONS,ttagataccccactatgcttagccctaaacatagataattttacaacaaaataattcgccagaggactactagctatagcttaaaactcaaaggacttggcggtgctttatatccctctagaggagcctgttcta,MN181405.1,99.259,Wolf or Coyote,Canis sp.
M05712:22:000000000-C88B6:1:1104:3132:15426_CONS,ttagataccccactatgcttagccctaaacatagataattttacaacaaaataattcgccagaggactactagtaatagcttaaaactcaaaggacttggcggtgctttatatccctctagaggagcctgttcta,MN181405.1,99.259,Wolf or Coyote,Canis sp.
M05712:22:000000000-C88B6:1:1104:6554:18776_CONS,ttagataccccactatgcttagccctaaacatagataattttacaacaaaataattcgccagaggactactagcaatagcttaaaactcaaaggacttggcggcgctttatatccctctagaggagcctgttcta,MN181405.1,99.259,Wolf or Coyote,Canis sp.
M05712:22:000000000-C88B6:1:1105:15036:18956_CONS,ttagataccccactatgcttagccctaaacatagttaattttacaacaaaataattcgccagaggactactagcaatagcttaaaactcaaaggacttggcggtgctttatatccctctagaggagcctgttcta,MN181405.1,99.259,Wolf or Coyote,Canis sp.
M05712:22:000000000-C88B6:1:1105:19330:16134_CONS,ttagataccccactatgcttagccctaaacatagataattttacaacaaaataattcgccagaggactactagcaatagcttaaaactcaaaggacttggcggtgctttatgtccctctagaggagcctgttcta,MN181405.1,99.259,Wolf or Coyote,Canis sp.
M05712:22:000000000-C88B6:1:1105:23472:8124_CONS,ttagataccccactatgcttagccctaaacatagataattttacaacaaaataattcgccagaggactactagcaatagcttaaagctcaaaggacttggcggtgctttatatccctctagaggagcctgttcta,MN181405.1,99.259,Wolf or Coyote,Canis sp.
M05712:22:000000000-C88B6:1:1106:10541:16054_CONS,ttagataccccactatgcttagccctaaacatagataattttacaacaaaataattcgccagaggactactagcaatagcttaaaactcaaaggacttggctgtgctttatatccctctagaggagcctgttcta,MN181405.1,99.259,Wolf or Coyote,Canis sp.
M05712:22:000000000-C88B6:1:1106:11825:7804_CONS,ttagacaccccactatgcttagccctaaacatagataattttacaacaaaataattcgccagaggactactagcaatagcttaaaactcaaaggacttggcggtgctttatatccctctagaggagcctgttcta,MN181405.1,99.259,Wolf or Coyote,Canis sp.
M05712:22:000000000-C88B6:1:1106:21534:14725_CONS,ttagataccccactatgcttagccctaaacatagataattttacagcaaaataattcgccagaggactactagcaatagcttaaaactcaaaggacttggcggtgctttatatccctctagaggagcctgttcta,MN181405.1,99.259,Wolf or Coyote,Canis sp.
M05712:22:000000000-C88B6:1:1106:22952:24623_CONS,ttagataccccactatgcttagccctaaacatagataattttacaacaaaataattctccagaggactactagcaatagcttaaaactcaaaggacttggcggtgctttatatccctctagaggagcctgttcta,MN699634.1,99.259,Wolf or Coyote,Canis sp.
M05712:22:000000000-C88B6:1:1106:5114:21523_CONS,ttagataccccactatgcttagccctaaacatagataattttataacaaaataattcgccagaggactactagcaatagcttaaaactcaaaggacttggcggtgctttatatccctctagaggagcctgttcta,AY656737.1,100,Wolf or Coyote,Canis sp.
M05712:22:000000000-C88B6:1:1106:5917:19092_CONS,ttagataccccactatgcttagtcctaaacatagataattttacaacaaaataattcgccagaggactactagcaatagcttaaaactcaaaggacttggcggtgctttatatccctctagaggagcctgttcta,MN181405.1,99.259,Wolf or Coyote,Canis sp.
M05712:22:000000000-C88B6:1:1107:12213:23515_CONS,ttagataccccactatgcttagccctaaatatagataattttacaacaaaataattcgccagaggactactagcaatagcttaaaactcaaaggacttggcggtgctttatatccctctagaggagcctgttcta,MN181405.1,99.259,Wolf or Coyote,Canis sp.
M05712:22:000000000-C88B6:1:1107:19787:12154_CONS,ttagataccccactatgcttagccctaaacatagataattttacgacaaaataattcgccagaggactactagcaatagcttaaaactcaaaggacttggcggtgctttatatccctctagaggagcctgttcta,MN181405.1,99.259,Wolf or Coyote,Canis sp.
M05712:22:000000000-C88B6:1:1107:22798:22649_CONS,ttagataccccactatgcttagccctaaacatagataattttacaacaaaataattcgccagaggactactagcaatagcttaaaactcaaaggacttggcggtgctttatatccctagaggagcctgttcta,MN181405.1,98.519,Wolf or Coyote,Canis sp.
M05712:22:000000000-C88B6:1:1107:24472:6148_CONS,ttagataccccactatgcttagccctaaacatagataattttacaacaaaataattcgccagaggactactagcattagcttaaaactcaaaggacttggcggtgctttatatccctctagaggagcctgttcta,MN181405.1,99.259,Wolf or Coyote,Canis sp.
M05712:22:000000000-C88B6:1:1107:25161:21594_CONS,ttagataccccactatgcttagccctaaacatagataattttacaacaaaataatttgccagaggactactagcaatagcttaaaactcaaaggacttggcggtgctttatatccctctagaggagcctgttcta,MN181405.1,99.259,Wolf or Coyote,Canis sp.
M05712:22:000000000-C88B6:1:1107:6603:22902_CONS,ttagataccccactatgcttagccctaaacatagataattttacaacaaaataattcgccagaggactactagcaatagcttaaaactcaaaggacttggcggtgccttatatccctctagaggagcctgttcta,MN181405.1,99.259,Wolf or Coyote,Canis sp.
M05712:22:000000000-C88B6:1:1107:8976:21918_CONS,ttagataccccactatgcttagccctaaacatagataattttacaacaaaataattcgccagagaactactagcaatagcttaaaactcaaaggacttggcggtgctttatatccctctagaggagcctgttcta,KU291077.1,100,Wolf or Coyote,Canis sp.
M05712:22:000000000-C88B6:1:1108:11009:7205_CONS,ttagataccccactatgtttagccctaaacatagataattttacaacaaaataattcgccagaggactactagcaatagcttaaaactcaaaggacttggcggtgctttatatccctctagaggagcctgttcta,LR742824.1,100,Wolf or Coyote,Canis sp.
M05712:22:000000000-C88B6:1:1108:11320:16482_CONS,ttagataccccactatgcttagccctaaacatagataattttacaacaaaataattcgccagaggactactagcaatagcttaaaactcaaaggacttggcggtgctttatatccctccagaggagcctgttcta,MN181405.1,99.259,Wolf or Coyote,Canis sp.
M05712:22:000000000-C88B6:1:1108:11596:2870_CONS,ttagataccccactatgcttagccctaaacatagatgattttacaacaaaataattcgccagaggactactagcaatagcttaaaactcaaaggacttggcggtgctttatatccctctagaggagcctgttcta,MN181405.1,99.259,Wolf or Coyote,Canis sp.
M05712:22:000000000-C88B6:1:1108:14068:7094_CONS,ttagataccccactatgcttagccctaaacatagataattttacaacaaaataattcgccagaggactactagcaatagcttaaaactcaaaggacttggcggtgctttatatctctctagaggagcctgttcta,MN181405.1,99.259,Wolf or Coyote,Canis sp.
M05712:22:000000000-C88B6:1:1108:8440:3319_CONS,ttagataccccactatgcttagccctaaacatagataattttacaacaaaataattcgccagaggactactagcaatagcttaaaactcaaaggactaggcggtgctttatatccctctagaggagcctgttcta,MN181405.1,99.259,Wolf or Coyote,Canis sp.
M05712:22:000000000-C88B6:1:1108:9984:15855_CONS,ttagataccccactatgcttagccctaaacatagataattttacaacaaaataattcgccagaggactactagcaatagcttaaaactcaaaggacttggcggtgctttatacccctctagaggagcctgttcta,MN071206.1,100,Wolf or Coyote,Canis sp.
M05712:22:000000000-C88B6:1:1109:26643:12713_CONS,ttagataccccactatgcttagccctaaacatagatagttttacaacaaaataattcgccagaggactactagcaatagcttaaaactcaaaggacttggcggtgctttatatccctctagaggagcctgttcta,KU290564.1,100,Wolf or Coyote,Canis sp.
M05712:22:000000000-C88B6:1:1109:26979:16583_CONS,ttagataccccactatgcttagccctaaacatagataattttacaacaaaataattcgccagaggactactagcaatagcttaaaactcaaagggcttggcggtgctttatatccctctagaggagcctgttcta,MN181405.1,99.259,Wolf or Coyote,Canis sp.
M05712:22:000000000-C88B6:1:1109:28418:9816_CONS,ttagataccccactatgcctagccctaaacatagataattttacaacaaaataattcgccagaggactactagcaatagcttaaaactcaaaggacttggcggtgctttatatccctctagaggagcctgttcta,MN181405.1,99.259,Wolf or Coyote,Canis sp.
M05712:22:000000000-C88B6:1:1109:4757:14492_CONS,ttagataccccactatgcttagccctaaacatagataattttacaacaaaataattcgccagaggactactagcaatagcttaaaactcaaaggacttggcggtgctttatatccctctggaggagcctgttcta,MN181405.1,99.259,Wolf or Coyote,Canis sp.
M05712:22:000000000-C88B6:1:1110:17920:19523_CONS,ttagataccccactatgcttagccctaaacatagataattttacaacaaaataattcgccagaggactactagcaatagcttaaaactcaaaggacttggcggtgctttatatccctctagagagcctgttcta,MN181405.1,99.259,Wolf or Coyote,Canis sp.
M05712:22:000000000-C88B6:1:1111:10932:10068_CONS,ttagataccccactatgcttagccctagacatagataattttacaacaaaataattcgccagaggactactagcaatagcttaaaactcaaaggacttggcggtgctttatatccctctagaggagcctgttcta,MN181405.1,99.259,Wolf or Coyote,Canis sp.
M05712:22:000000000-C88B6:1:1111:12503:11826_CONS,ttagataccccactatgcttagccctaaacatagataattttacaacaaaataattcgccagaggactactagcaatagcttaaaactcaaaggacttggcggtgcttcatatccctctagaggagcctgttcta,MN181405.1,99.259,Wolf or Coyote,Canis sp.
M05712:22:000000000-C88B6:1:1112:9188:10449_CONS,ttagataccccactatgcttagccctaaacatagataattttacaacaaaataattcgccggaggactactagcaatagcttaaaactcaaaggacttggcggtgctttatatccctctagaggagcctgttcta,MN181405.1,99.259,Wolf or Coyote,Canis sp.
M05712:22:000000000-C88B6:1:1112:9428:9111_CONS,ttagataccccactatgcttagccctaaacacagataattttacaacaaaataattcgccagaggactactagcaatagcttaaaactcaaaggacttggcggtgctttatatccctctagaggagcctgttcta,LR742873.1,100,Wolf or Coyote,Canis sp.
M05712:22:000000000-C88B6:1:1113:25598:16211_CONS,ttagataccccactatgcttagccctaaacataaaccattctataacaaaataattcgccagagaactactagcaacagcttaaaactcaaaggacttggcggtgctttatatccctctagaggagcctgttcta,CP050606.1,100,Wolf or Coyote,Canis sp.
M05712:22:000000000-C88B6:1:1113:3213:14559_CONS,ttagataccccactatgcttagccctaaacatagataattttacaacaaaataattcgccagaggactactagcaatagcttaaaactcaaaagacttggcggtgctttatatccctctagaggagcctgttcta,MN181405.1,99.259,Wolf or Coyote,Canis sp.
M05712:22:000000000-C88B6:1:1113:9624:21383_CONS,ttagataccccactatgcttagccctaaacatagataattttacaacaaaataattcgccaggggactactagcaatagcttaaaactcaaaggacttggcggtgctttatatccctctagaggagcctgttcta,MN699609.1,100,Wolf or Coyote,Canis sp.
M05712:22:000000000-C88B6:1:1114:27066:12475_CONS,ttagataccccactatgcttagccctaaacatagataattttacaacaaaataattcgccagaggactactagcaatagcttaaaactcaaaggacttggcggtgctttatatccctctagaggacctgttcta,MN181405.1,99.259,Wolf or Coyote,Canis sp.
M05712:22:000000000-C88B6:1:1116:12354:11919_CONS,ttagataccccactatgcttagccctaaacatagataattttacaacaaaataattcgccagaggactactagcaatagcttaaaactcaaaggatttggcggtgctttatatccctctagaggagcctgttcta,MN181405.1,99.259,Wolf or Coyote,Canis sp.
M05712:22:000000000-C88B6:1:1117:7699:13819_CONS,ttagataccccactatgcttagccctaaacataagctattctataacaaaataattcgccagagaactactagcaacagcttaaaactcaaaggacttggcggtgctttatatccctctagaggagcctgttcta,AC187326.11,99.259,Wolf or Coyote,Canis sp.
M05712:22:000000000-C88B6:1:1119:9552:24782_CONS,ttagataccccactatgcttagccctaaacatagataattatacaacaaaataattcgccagaggactactagcaatagcttaaaactcaaaggacttggcggtgctttatatccctctagaggagcctgttcta,MN181405.1,99.259,Wolf or Coyote,Canis sp.
M05712:22:000000000-C88B6:1:2101:22728:23401_CONS,ttagataccccactatgcttagccctaaacatagataattttacaacaaaataattcgccagaggacaactagcaatagcttaaaactcaaaggacttggcggtgctttatatccctctagaggagcctgttcta,MN181405.1,99.259,Wolf or Coyote,Canis sp.
M05712:22:000000000-C88B6:1:2102:4833:18550_CONS,ttagataccccactatgcttagccctaaacataaataattttacaacaaaataattcgccagaggactactagcaatagcttaaaactcaaaggacttggcggtgctttatatccctctagaggagcctgttcta,LR742868.1,100,Wolf or Coyote,Canis sp.
M05712:22:000000000-C88B6:1:2105:25083:23356_CONS,ttagataccccactatgcttagccctaaacatagataatttttcaacaaaataattcgccagaggactactagcaatagcttaaaactcaaaggacttggcggtgctttatatccctctagaggagcctgttcta,MN181405.1,99.259,Wolf or Coyote,Canis sp.
M05712:22:000000000-C88B6:1:2106:14596:16857_CONS,ttagataccccactatgcttagccctaaacatagataattttacaacaaaataattcgccagaggactactagcaatagcttaaaactcaaaggacttgacggtgctttatatccctctagaggagcctgttcta,MN181405.1,99.259,Wolf or Coyote,Canis sp.
M05712:22:000000000-C88B6:1:2107:6184:12237_CONS,ttagataccccatatgcttagccctaaacatagataattttacaacaaaataattcgccagaggactactagcaatagcttaaaactcaaaggacttggcggtgctttatatccctctagaggagcctgttcta,MN181405.1,99.259,Wolf or Coyote,Canis sp.
M05712:22:000000000-C88B6:1:2108:14548:11643_CONS,ttagataccccactatgcttagccctaaacatagataattttacaacaaaataattagccagaggactactagcaatagcttaaaactcaaaggacttggcggtgctttatatccctctagaggagcctgttcta,MN181405.1,99.259,Wolf or Coyote,Canis sp.
M05712:22:000000000-C88B6:1:2108:9504:5247_CONS,ttagataccccactatgcttagccctaaacatagataattttacaacaaaataattcgccagaggactactagcaatagcttaaaactcaaaggacttggcggtgctttatatccttctagaggagcctgttcta,MN181405.1,99.259,Wolf or Coyote,Canis sp.
M05712:22:000000000-C88B6:1:2108:9692:15317_CONS,ttagataccccactatgcttagccgtaaacataaatcattctacaacaaaataattcgccagagaactattagcaacagcttaaaactcaaaggacttggtggtgctttatatccctctagaggagcctgttcta,CP050569.1,99.259,Wolf or Coyote,Canis sp.
M05712:22:000000000-C88B6:1:2111:21364:14902_CONS,ttagataccccactatgcttagccctaaacatagataattttacaacaaaataattcgccaaaggactactagcaatagcttaaaactcaaaggacttggcggtgctttatatccctctagaggagcctgttcta,LR742741.1,100,Wolf or Coyote,Canis sp.
M05712:22:000000000-C88B6:1:2114:21994:6124_CONS,ttagataccccactatgcttagccctaaacatagataattttacaacaaaataattcgccagaggactactagcaatagcttaaaactcaaaggacttggcggtgctttatatccctctagaggggcctgttcta,MN181405.1,99.259,Wolf or Coyote,Canis sp.
M05712:22:000000000-C88B6:1:2115:27683:13564_CONS,tagaacaggctcctctagagggatataaagcaccgccaagtcctttgagttttaagctattgctagtagtcctctggcgaattattttgttgtaaaattatctatgtttagggctaagcatagtggggtatctaa,MN181405.1,100,Wolf or Coyote,Canis sp.
M05712:22:000000000-C88B6:1:2116:15109:5585_CONS,ttagataccccactatgcttagccctaaacatagataattttacatcaaaataattcgccagaggactactagcaatagcttaaaactcaaaggacttggcggtgctttatatccctctagaggagcctgttcta,MN181405.1,99.259,Wolf or Coyote,Canis sp.
M05712:22:000000000-C88B6:1:2116:26766:17278_CONS,ttagataccccactatgcttagccctaaacatagataattttacaacaaaataattcgccagaggactactagcaatagcttaaaactcaaaggacttggcggtgctttatatccctctagaggaacctgttcta,MN181405.1,99.259,Wolf or Coyote,Canis sp.
M05712:22:000000000-C88B6:1:2117:12966:20235_CONS,ttagataccccactatgcttagccctaaacatagataattttacaacaaaataattcgccagaggactactagcaatagcttaaaactcaaaggacttggcggtgctttatatccctttagaggagcctgttcta,MN181405.1,99.259,Wolf or Coyote,Canis sp.
M05712:22:000000000-C88B6:1:2117:21816:22116_CONS,ttagataccccactatgcttagccctaaacatagataattttacaacaaaataattcgccagaggactactagcaatagcttaaaacacaaaggacttggcggtgctttatatccctctagaggagcctgttcta,MN181405.1,99.259,Wolf or Coyote,Canis sp.
M05712:22:000000000-C88B6:1:2118:25290:8569_CONS,ttagataccccactatgcttagccctaaacgtaaactgcaaactattccataataaaataattcgcccaagaactactagcaacagcttaaaactcaaaggacttggtggtgctttctacccctctagaggagcctgttcta,CP050600.1,100,Wolf or Coyote,Canis sp.